-- phpMyAdmin SQL Dump
-- version 5.2.0
-- https://www.phpmyadmin.net/
--
-- Host: localhost:3306
-- Generation Time: Aug 07, 2024 at 07:21 AM
-- Server version: 8.0.30
-- PHP Version: 8.3.4

SET SQL_MODE = "NO_AUTO_VALUE_ON_ZERO";
START TRANSACTION;
SET time_zone = "+00:00";


/*!40101 SET @OLD_CHARACTER_SET_CLIENT=@@CHARACTER_SET_CLIENT */;
/*!40101 SET @OLD_CHARACTER_SET_RESULTS=@@CHARACTER_SET_RESULTS */;
/*!40101 SET @OLD_COLLATION_CONNECTION=@@COLLATION_CONNECTION */;
/*!40101 SET NAMES utf8mb4 */;

--
-- Database: `spkkinerjadosen`
--

-- --------------------------------------------------------

--
-- Table structure for table `dosen`
--

CREATE TABLE `dosen` (
  `nidn` varchar(15) CHARACTER SET utf8mb4 COLLATE utf8mb4_unicode_ci NOT NULL,
  `nama` varchar(255) CHARACTER SET utf8mb4 COLLATE utf8mb4_unicode_ci NOT NULL,
  `gelar` varchar(255) CHARACTER SET utf8mb4 COLLATE utf8mb4_unicode_ci NOT NULL,
  `created_at` timestamp NULL DEFAULT NULL,
  `updated_at` timestamp NULL DEFAULT NULL
) ENGINE=InnoDB DEFAULT CHARSET=utf8mb4 COLLATE=utf8mb4_unicode_ci;

--
-- Dumping data for table `dosen`
--

INSERT INTO `dosen` (`nidn`, `nama`, `gelar`, `created_at`, `updated_at`) VALUES
('1103019003', 'M. Ridha Anwari, M.Pd.', 'M.Pd.', NULL, NULL),
('1103029002', 'Ayu Ahadi Ningrum, M.Tr.Kom', 'M.Tr.Kom', '2023-06-25 21:13:22', '2023-06-25 21:13:22'),
('1104078601', 'Windarsyah, M.Kom.', 'M.Kom', '2023-06-20 17:54:52', '2023-06-20 17:54:52'),
('1107069002', 'Muhammad Zulkarnaen, M., Pd.I', 'Pd.I', '2023-06-20 18:05:27', '2023-06-20 18:52:23'),
('1109098501', 'M. Ziki Elfirman, M.Kom', 'M.Kom', '2023-06-20 17:52:28', '2023-06-20 17:52:28'),
('1110088901', 'Ahmad Lazwardi, S.Pd., M.Sc.', 'S.Pd., M.Sc', '2023-06-20 17:57:15', '2023-06-20 17:57:15'),
('1112068401', 'Ir. Rudy Ansari, M.Kom', 'M.Kom', '2023-06-20 17:54:07', '2023-06-21 14:21:56'),
('1117029001', 'Muhammad Syahid Febriadi, \nM.Kom', 'M. Kom', '2023-06-20 18:45:02', '2023-06-21 14:32:59'),
('1126038901', 'Finki Dona Marleny, M.Kom', 'M.Kom', '2023-06-20 18:56:53', '2023-06-20 18:56:53'),
('1126107902', 'Mukhaimy Gazali, M.Si. ', 'M. Si', '2023-06-20 17:59:54', '2023-06-20 17:59:54'),
('1129097901', 'Kamaruddin, M.Kom', 'M.Kom', '2023-06-20 18:00:47', '2023-06-20 18:00:47'),
('1130099001', 'Ihdalhubbi Maulida, M.Kom', 'M.Kom', '2023-06-20 18:25:54', '2023-06-20 18:25:54'),
('2021048904', 'Munsyi, S.Kom., M.T', 'M.T', '2023-06-20 17:58:39', '2023-06-20 17:58:39'),
('238007027', 'Ir. Sugito Said, M.T', 'M.T', NULL, NULL),
('7118502', 'Noviana Sari, S.IP., M.A.', 'S.IP., M.A.', '2023-06-20 17:53:16', '2024-07-16 11:02:50');

-- --------------------------------------------------------

--
-- Table structure for table `evaluasimhs`
--

CREATE TABLE `evaluasimhs` (
  `id_evaluasimhs` int NOT NULL,
  `jawaban` int NOT NULL,
  `pengguna` varchar(255) CHARACTER SET utf8mb4 COLLATE utf8mb4_general_ci DEFAULT NULL,
  `id_penilaian` int NOT NULL,
  `id_kriteria` int DEFAULT NULL
) ENGINE=InnoDB DEFAULT CHARSET=utf8mb4 COLLATE=utf8mb4_general_ci ROW_FORMAT=DYNAMIC;

--
-- Dumping data for table `evaluasimhs`
--

INSERT INTO `evaluasimhs` (`id_evaluasimhs`, `jawaban`, `pengguna`, `id_penilaian`, `id_kriteria`) VALUES
(1, 3, 'Mahasiswa', 1, 28),
(2, 3, 'Mahasiswa', 1, 29),
(3, 3, 'Mahasiswa', 1, 30),
(4, 3, 'Mahasiswa', 1, 31),
(5, 3, 'Mahasiswa', 1, 32),
(6, 3, 'Mahasiswa', 1, 33),
(7, 3, 'Mahasiswa', 1, 34),
(8, 4, 'Mahasiswa', 1, 35),
(9, 4, 'Mahasiswa', 1, 36),
(10, 4, 'Mahasiswa', 1, 37),
(11, 4, 'Mahasiswa', 1, 38),
(12, 4, 'Mahasiswa', 1, 39),
(13, 4, 'Mahasiswa', 1, 40),
(14, 4, 'Mahasiswa', 1, 41),
(15, 4, 'Mahasiswa', 1, 42),
(16, 4, 'Mahasiswa', 1, 43),
(17, 2, 'Mahasiswa', 1, 44),
(18, 2, 'Mahasiswa', 1, 45),
(19, 2, 'Mahasiswa', 1, 46),
(20, 2, 'Mahasiswa', 1, 47),
(21, 2, 'Mahasiswa', 1, 48),
(22, 3, 'Mahasiswa', 2, 28),
(23, 3, 'Mahasiswa', 2, 29),
(24, 3, 'Mahasiswa', 2, 30),
(25, 3, 'Mahasiswa', 2, 31),
(26, 3, 'Mahasiswa', 2, 32),
(27, 3, 'Mahasiswa', 2, 33),
(28, 4, 'Mahasiswa', 2, 34),
(29, 4, 'Mahasiswa', 2, 35),
(30, 4, 'Mahasiswa', 2, 36),
(31, 4, 'Mahasiswa', 2, 37),
(32, 4, 'Mahasiswa', 2, 38),
(33, 4, 'Mahasiswa', 2, 39),
(34, 3, 'Mahasiswa', 2, 40),
(35, 3, 'Mahasiswa', 2, 41),
(36, 3, 'Mahasiswa', 2, 42),
(37, 2, 'Mahasiswa', 2, 43),
(38, 2, 'Mahasiswa', 2, 44),
(39, 2, 'Mahasiswa', 2, 45),
(40, 2, 'Mahasiswa', 2, 46),
(41, 3, 'Mahasiswa', 2, 47),
(42, 3, 'Mahasiswa', 2, 48),
(43, 3, 'Mahasiswa', 3, 28),
(44, 3, 'Mahasiswa', 3, 29),
(45, 3, 'Mahasiswa', 3, 30),
(46, 3, 'Mahasiswa', 3, 31),
(47, 3, 'Mahasiswa', 3, 32),
(48, 3, 'Mahasiswa', 3, 33),
(49, 2, 'Mahasiswa', 3, 34),
(50, 2, 'Mahasiswa', 3, 35),
(51, 2, 'Mahasiswa', 3, 36),
(52, 2, 'Mahasiswa', 3, 37),
(53, 2, 'Mahasiswa', 3, 38),
(54, 2, 'Mahasiswa', 3, 39),
(55, 2, 'Mahasiswa', 3, 40),
(56, 2, 'Mahasiswa', 3, 41),
(57, 3, 'Mahasiswa', 3, 42),
(58, 3, 'Mahasiswa', 3, 43),
(59, 3, 'Mahasiswa', 3, 44),
(60, 3, 'Mahasiswa', 3, 45),
(61, 3, 'Mahasiswa', 3, 46),
(62, 3, 'Mahasiswa', 3, 47),
(63, 3, 'Mahasiswa', 3, 48),
(64, 3, 'Mahasiswa', 4, 28),
(65, 3, 'Mahasiswa', 4, 29),
(66, 3, 'Mahasiswa', 4, 30),
(67, 3, 'Mahasiswa', 4, 31),
(68, 3, 'Mahasiswa', 4, 32),
(69, 3, 'Mahasiswa', 4, 33),
(70, 3, 'Mahasiswa', 4, 34),
(71, 3, 'Mahasiswa', 4, 35),
(72, 3, 'Mahasiswa', 4, 36),
(73, 3, 'Mahasiswa', 4, 37),
(74, 3, 'Mahasiswa', 4, 38),
(75, 3, 'Mahasiswa', 4, 39),
(76, 3, 'Mahasiswa', 4, 40),
(77, 3, 'Mahasiswa', 4, 41),
(78, 3, 'Mahasiswa', 4, 42),
(79, 3, 'Mahasiswa', 4, 43),
(80, 3, 'Mahasiswa', 4, 44),
(81, 2, 'Mahasiswa', 4, 45),
(82, 2, 'Mahasiswa', 4, 46),
(83, 2, 'Mahasiswa', 4, 47),
(84, 2, 'Mahasiswa', 4, 48),
(85, 2, 'Mahasiswa', 5, 28),
(86, 2, 'Mahasiswa', 5, 29),
(87, 2, 'Mahasiswa', 5, 30),
(88, 2, 'Mahasiswa', 5, 31),
(89, 2, 'Mahasiswa', 5, 32),
(90, 2, 'Mahasiswa', 5, 33),
(91, 2, 'Mahasiswa', 5, 34),
(92, 2, 'Mahasiswa', 5, 35),
(93, 2, 'Mahasiswa', 5, 36),
(94, 2, 'Mahasiswa', 5, 37),
(95, 2, 'Mahasiswa', 5, 38),
(96, 2, 'Mahasiswa', 5, 39),
(97, 2, 'Mahasiswa', 5, 40),
(98, 3, 'Mahasiswa', 5, 41),
(99, 3, 'Mahasiswa', 5, 42),
(100, 3, 'Mahasiswa', 5, 43),
(101, 3, 'Mahasiswa', 5, 44),
(102, 3, 'Mahasiswa', 5, 45),
(103, 3, 'Mahasiswa', 5, 46),
(104, 3, 'Mahasiswa', 5, 47),
(105, 3, 'Mahasiswa', 5, 48),
(106, 2, 'Mahasiswa', 6, 28),
(107, 2, 'Mahasiswa', 6, 29),
(108, 2, 'Mahasiswa', 6, 30),
(109, 3, 'Mahasiswa', 6, 31),
(110, 3, 'Mahasiswa', 6, 32),
(111, 3, 'Mahasiswa', 6, 33),
(112, 3, 'Mahasiswa', 6, 34),
(113, 3, 'Mahasiswa', 6, 35),
(114, 3, 'Mahasiswa', 6, 36),
(115, 3, 'Mahasiswa', 6, 37),
(116, 3, 'Mahasiswa', 6, 38),
(117, 3, 'Mahasiswa', 6, 39),
(118, 3, 'Mahasiswa', 6, 40),
(119, 3, 'Mahasiswa', 6, 41),
(120, 3, 'Mahasiswa', 6, 42),
(121, 3, 'Mahasiswa', 6, 43),
(122, 3, 'Mahasiswa', 6, 44),
(123, 3, 'Mahasiswa', 6, 45),
(124, 3, 'Mahasiswa', 6, 46),
(125, 3, 'Mahasiswa', 6, 47),
(126, 2, 'Mahasiswa', 6, 48),
(127, 3, 'Mahasiswa', 7, 28),
(128, 3, 'Mahasiswa', 7, 29),
(129, 3, 'Mahasiswa', 7, 30),
(130, 3, 'Mahasiswa', 7, 31),
(131, 3, 'Mahasiswa', 7, 32),
(132, 3, 'Mahasiswa', 7, 33),
(133, 3, 'Mahasiswa', 7, 34),
(134, 3, 'Mahasiswa', 7, 35),
(135, 3, 'Mahasiswa', 7, 36),
(136, 3, 'Mahasiswa', 7, 37),
(137, 3, 'Mahasiswa', 7, 38),
(138, 3, 'Mahasiswa', 7, 39),
(139, 3, 'Mahasiswa', 7, 40),
(140, 3, 'Mahasiswa', 7, 41),
(141, 4, 'Mahasiswa', 7, 42),
(142, 4, 'Mahasiswa', 7, 43),
(143, 4, 'Mahasiswa', 7, 44),
(144, 4, 'Mahasiswa', 7, 45),
(145, 4, 'Mahasiswa', 7, 46),
(146, 4, 'Mahasiswa', 7, 47),
(147, 4, 'Mahasiswa', 7, 48),
(148, 3, 'Mahasiswa', 8, 28),
(149, 2, 'Mahasiswa', 8, 29),
(150, 2, 'Mahasiswa', 8, 30),
(151, 2, 'Mahasiswa', 8, 31),
(152, 2, 'Mahasiswa', 8, 32),
(153, 3, 'Mahasiswa', 8, 33),
(154, 3, 'Mahasiswa', 8, 34),
(155, 3, 'Mahasiswa', 8, 35),
(156, 3, 'Mahasiswa', 8, 36),
(157, 3, 'Mahasiswa', 8, 37),
(158, 4, 'Mahasiswa', 8, 38),
(159, 4, 'Mahasiswa', 8, 39),
(160, 4, 'Mahasiswa', 8, 40),
(161, 4, 'Mahasiswa', 8, 41),
(162, 4, 'Mahasiswa', 8, 42),
(163, 4, 'Mahasiswa', 8, 43),
(164, 4, 'Mahasiswa', 8, 44),
(165, 4, 'Mahasiswa', 8, 45),
(166, 3, 'Mahasiswa', 8, 46),
(167, 2, 'Mahasiswa', 8, 47),
(168, 1, 'Mahasiswa', 8, 48),
(169, 1, 'Mahasiswa', 9, 28),
(170, 2, 'Mahasiswa', 9, 29),
(171, 3, 'Mahasiswa', 9, 30),
(172, 4, 'Mahasiswa', 9, 31),
(173, 3, 'Mahasiswa', 9, 32),
(174, 2, 'Mahasiswa', 9, 33),
(175, 1, 'Mahasiswa', 9, 34),
(176, 2, 'Mahasiswa', 9, 35),
(177, 3, 'Mahasiswa', 9, 36),
(178, 4, 'Mahasiswa', 9, 37),
(179, 3, 'Mahasiswa', 9, 38),
(180, 2, 'Mahasiswa', 9, 39),
(181, 1, 'Mahasiswa', 9, 40),
(182, 2, 'Mahasiswa', 9, 41),
(183, 3, 'Mahasiswa', 9, 42),
(184, 4, 'Mahasiswa', 9, 43),
(185, 3, 'Mahasiswa', 9, 44),
(186, 2, 'Mahasiswa', 9, 45),
(187, 1, 'Mahasiswa', 9, 46),
(188, 2, 'Mahasiswa', 9, 47),
(189, 3, 'Mahasiswa', 9, 48),
(190, 3, 'Mahasiswa', 10, 28),
(191, 3, 'Mahasiswa', 10, 29),
(192, 3, 'Mahasiswa', 10, 30),
(193, 3, 'Mahasiswa', 10, 31),
(194, 3, 'Mahasiswa', 10, 32),
(195, 4, 'Mahasiswa', 10, 33),
(196, 4, 'Mahasiswa', 10, 34),
(197, 4, 'Mahasiswa', 10, 35),
(198, 4, 'Mahasiswa', 10, 36),
(199, 4, 'Mahasiswa', 10, 37),
(200, 2, 'Mahasiswa', 10, 38),
(201, 2, 'Mahasiswa', 10, 39),
(202, 2, 'Mahasiswa', 10, 40),
(203, 2, 'Mahasiswa', 10, 41),
(204, 2, 'Mahasiswa', 10, 42),
(205, 2, 'Mahasiswa', 10, 43),
(206, 1, 'Mahasiswa', 10, 44),
(207, 1, 'Mahasiswa', 10, 45),
(208, 1, 'Mahasiswa', 10, 46),
(209, 1, 'Mahasiswa', 10, 47),
(210, 1, 'Mahasiswa', 10, 48),
(211, 1, 'Mahasiswa', 11, 28),
(212, 1, 'Mahasiswa', 11, 29),
(213, 1, 'Mahasiswa', 11, 30),
(214, 2, 'Mahasiswa', 11, 31),
(215, 2, 'Mahasiswa', 11, 32),
(216, 2, 'Mahasiswa', 11, 33),
(217, 3, 'Mahasiswa', 11, 34),
(218, 3, 'Mahasiswa', 11, 35),
(219, 3, 'Mahasiswa', 11, 36),
(220, 4, 'Mahasiswa', 11, 37),
(221, 4, 'Mahasiswa', 11, 38),
(222, 4, 'Mahasiswa', 11, 39),
(223, 3, 'Mahasiswa', 11, 40),
(224, 3, 'Mahasiswa', 11, 41),
(225, 3, 'Mahasiswa', 11, 42),
(226, 2, 'Mahasiswa', 11, 43),
(227, 2, 'Mahasiswa', 11, 44),
(228, 2, 'Mahasiswa', 11, 45),
(229, 1, 'Mahasiswa', 11, 46),
(230, 1, 'Mahasiswa', 11, 47),
(231, 1, 'Mahasiswa', 11, 48),
(232, 1, 'Mahasiswa', 12, 28),
(233, 1, 'Mahasiswa', 12, 29),
(234, 1, 'Mahasiswa', 12, 30),
(235, 1, 'Mahasiswa', 12, 31),
(236, 1, 'Mahasiswa', 12, 32),
(237, 1, 'Mahasiswa', 12, 33),
(238, 2, 'Mahasiswa', 12, 34),
(239, 2, 'Mahasiswa', 12, 35),
(240, 2, 'Mahasiswa', 12, 36),
(241, 2, 'Mahasiswa', 12, 37),
(242, 2, 'Mahasiswa', 12, 38),
(243, 2, 'Mahasiswa', 12, 39),
(244, 3, 'Mahasiswa', 12, 40),
(245, 4, 'Mahasiswa', 12, 41),
(246, 4, 'Mahasiswa', 12, 42),
(247, 4, 'Mahasiswa', 12, 43),
(248, 4, 'Mahasiswa', 12, 44),
(249, 4, 'Mahasiswa', 12, 45),
(250, 4, 'Mahasiswa', 12, 46),
(251, 4, 'Mahasiswa', 12, 47),
(252, 4, 'Mahasiswa', 12, 48),
(253, 4, 'Mahasiswa', 13, 28),
(254, 4, 'Mahasiswa', 13, 29),
(255, 4, 'Mahasiswa', 13, 30),
(256, 4, 'Mahasiswa', 13, 31),
(257, 4, 'Mahasiswa', 13, 32),
(258, 4, 'Mahasiswa', 13, 33),
(259, 4, 'Mahasiswa', 13, 34),
(260, 4, 'Mahasiswa', 13, 35),
(261, 4, 'Mahasiswa', 13, 36),
(262, 4, 'Mahasiswa', 13, 37),
(263, 4, 'Mahasiswa', 13, 38),
(264, 4, 'Mahasiswa', 13, 39),
(265, 4, 'Mahasiswa', 13, 40),
(266, 3, 'Mahasiswa', 13, 41),
(267, 3, 'Mahasiswa', 13, 42),
(268, 3, 'Mahasiswa', 13, 43),
(269, 3, 'Mahasiswa', 13, 44),
(270, 3, 'Mahasiswa', 13, 45),
(271, 3, 'Mahasiswa', 13, 46),
(272, 3, 'Mahasiswa', 13, 47),
(273, 3, 'Mahasiswa', 13, 48),
(274, 3, 'Mahasiswa', 14, 28),
(275, 3, 'Mahasiswa', 14, 29),
(276, 3, 'Mahasiswa', 14, 30),
(277, 3, 'Mahasiswa', 14, 31),
(278, 3, 'Mahasiswa', 14, 32),
(279, 3, 'Mahasiswa', 14, 33),
(280, 3, 'Mahasiswa', 14, 34),
(281, 4, 'Mahasiswa', 14, 35),
(282, 4, 'Mahasiswa', 14, 36),
(283, 4, 'Mahasiswa', 14, 37),
(284, 4, 'Mahasiswa', 14, 38),
(285, 4, 'Mahasiswa', 14, 39),
(286, 4, 'Mahasiswa', 14, 40),
(287, 4, 'Mahasiswa', 14, 41),
(288, 4, 'Mahasiswa', 14, 42),
(289, 4, 'Mahasiswa', 14, 43),
(290, 4, 'Mahasiswa', 14, 44),
(291, 4, 'Mahasiswa', 14, 45),
(292, 4, 'Mahasiswa', 14, 46),
(293, 4, 'Mahasiswa', 14, 47),
(294, 4, 'Mahasiswa', 14, 48),
(295, 1, 'Mahasiswa', 15, 28),
(296, 1, 'Mahasiswa', 15, 29),
(297, 1, 'Mahasiswa', 15, 30),
(298, 1, 'Mahasiswa', 15, 31),
(299, 2, 'Mahasiswa', 15, 32),
(300, 2, 'Mahasiswa', 15, 33),
(301, 2, 'Mahasiswa', 15, 34),
(302, 2, 'Mahasiswa', 15, 35),
(303, 3, 'Mahasiswa', 15, 36),
(304, 3, 'Mahasiswa', 15, 37),
(305, 3, 'Mahasiswa', 15, 38),
(306, 3, 'Mahasiswa', 15, 39),
(307, 4, 'Mahasiswa', 15, 40),
(308, 4, 'Mahasiswa', 15, 41),
(309, 4, 'Mahasiswa', 15, 42),
(310, 4, 'Mahasiswa', 15, 43),
(311, 3, 'Mahasiswa', 15, 44),
(312, 4, 'Mahasiswa', 15, 45),
(313, 3, 'Mahasiswa', 15, 46),
(314, 3, 'Mahasiswa', 15, 47),
(315, 3, 'Mahasiswa', 15, 48),
(316, 2, 'Mahasiswa', 16, 28),
(317, 2, 'Mahasiswa', 16, 29),
(318, 2, 'Mahasiswa', 16, 30),
(319, 3, 'Mahasiswa', 16, 31),
(320, 3, 'Mahasiswa', 16, 32),
(321, 3, 'Mahasiswa', 16, 33),
(322, 3, 'Mahasiswa', 16, 34),
(323, 3, 'Mahasiswa', 16, 35),
(324, 3, 'Mahasiswa', 16, 36),
(325, 2, 'Mahasiswa', 16, 37),
(326, 2, 'Mahasiswa', 16, 38),
(327, 2, 'Mahasiswa', 16, 39),
(328, 2, 'Mahasiswa', 16, 40),
(329, 2, 'Mahasiswa', 16, 41),
(330, 2, 'Mahasiswa', 16, 42),
(331, 2, 'Mahasiswa', 16, 43),
(332, 2, 'Mahasiswa', 16, 44),
(333, 2, 'Mahasiswa', 16, 45),
(334, 2, 'Mahasiswa', 16, 46),
(335, 2, 'Mahasiswa', 16, 47),
(336, 2, 'Mahasiswa', 16, 48),
(337, 4, 'Mahasiswa', 17, 28),
(338, 4, 'Mahasiswa', 17, 29),
(339, 4, 'Mahasiswa', 17, 30),
(340, 4, 'Mahasiswa', 17, 31),
(341, 4, 'Mahasiswa', 17, 32),
(342, 3, 'Mahasiswa', 17, 33),
(343, 3, 'Mahasiswa', 17, 34),
(344, 3, 'Mahasiswa', 17, 35),
(345, 3, 'Mahasiswa', 17, 36),
(346, 3, 'Mahasiswa', 17, 37),
(347, 3, 'Mahasiswa', 17, 38),
(348, 3, 'Mahasiswa', 17, 39),
(349, 3, 'Mahasiswa', 17, 40),
(350, 3, 'Mahasiswa', 17, 41),
(351, 3, 'Mahasiswa', 17, 42),
(352, 3, 'Mahasiswa', 17, 43),
(353, 3, 'Mahasiswa', 17, 44),
(354, 3, 'Mahasiswa', 17, 45),
(355, 3, 'Mahasiswa', 17, 46),
(356, 3, 'Mahasiswa', 17, 47),
(357, 1, 'Mahasiswa', 17, 48),
(358, 2, 'Mahasiswa', 18, 28),
(359, 2, 'Mahasiswa', 18, 29),
(360, 2, 'Mahasiswa', 18, 30),
(361, 2, 'Mahasiswa', 18, 31),
(362, 2, 'Mahasiswa', 18, 32),
(363, 3, 'Mahasiswa', 18, 33),
(364, 3, 'Mahasiswa', 18, 34),
(365, 3, 'Mahasiswa', 18, 35),
(366, 3, 'Mahasiswa', 18, 36),
(367, 3, 'Mahasiswa', 18, 37),
(368, 3, 'Mahasiswa', 18, 38),
(369, 3, 'Mahasiswa', 18, 39),
(370, 3, 'Mahasiswa', 18, 40),
(371, 3, 'Mahasiswa', 18, 41),
(372, 3, 'Mahasiswa', 18, 42),
(373, 3, 'Mahasiswa', 18, 43),
(374, 3, 'Mahasiswa', 18, 44),
(375, 2, 'Mahasiswa', 18, 45),
(376, 2, 'Mahasiswa', 18, 46),
(377, 2, 'Mahasiswa', 18, 47),
(378, 2, 'Mahasiswa', 18, 48),
(379, 4, 'Mahasiswa', 19, 28),
(380, 4, 'Mahasiswa', 19, 29),
(381, 4, 'Mahasiswa', 19, 30),
(382, 4, 'Mahasiswa', 19, 31),
(383, 4, 'Mahasiswa', 19, 32),
(384, 3, 'Mahasiswa', 19, 33),
(385, 3, 'Mahasiswa', 19, 34),
(386, 3, 'Mahasiswa', 19, 35),
(387, 3, 'Mahasiswa', 19, 36),
(388, 3, 'Mahasiswa', 19, 37),
(389, 2, 'Mahasiswa', 19, 38),
(390, 2, 'Mahasiswa', 19, 39),
(391, 2, 'Mahasiswa', 19, 40),
(392, 2, 'Mahasiswa', 19, 41),
(393, 2, 'Mahasiswa', 19, 42),
(394, 3, 'Mahasiswa', 19, 43),
(395, 3, 'Mahasiswa', 19, 44),
(396, 3, 'Mahasiswa', 19, 45),
(397, 3, 'Mahasiswa', 19, 46),
(398, 3, 'Mahasiswa', 19, 47),
(399, 3, 'Mahasiswa', 19, 48),
(400, 4, 'Mahasiswa', 20, 28),
(401, 4, 'Mahasiswa', 20, 29),
(402, 4, 'Mahasiswa', 20, 30),
(403, 4, 'Mahasiswa', 20, 31),
(404, 1, 'Mahasiswa', 20, 32),
(405, 2, 'Mahasiswa', 20, 33),
(406, 3, 'Mahasiswa', 20, 34),
(407, 4, 'Mahasiswa', 20, 35),
(408, 4, 'Mahasiswa', 20, 36),
(409, 4, 'Mahasiswa', 20, 37),
(410, 3, 'Mahasiswa', 20, 38),
(411, 3, 'Mahasiswa', 20, 39),
(412, 3, 'Mahasiswa', 20, 40),
(413, 2, 'Mahasiswa', 20, 41),
(414, 1, 'Mahasiswa', 20, 42),
(415, 1, 'Mahasiswa', 20, 43),
(416, 2, 'Mahasiswa', 20, 44),
(417, 3, 'Mahasiswa', 20, 45),
(418, 4, 'Mahasiswa', 20, 46),
(419, 3, 'Mahasiswa', 20, 47),
(420, 2, 'Mahasiswa', 20, 48),
(421, 1, 'Mahasiswa', 21, 28),
(422, 2, 'Mahasiswa', 21, 29),
(423, 2, 'Mahasiswa', 21, 30),
(424, 2, 'Mahasiswa', 21, 31),
(425, 3, 'Mahasiswa', 21, 32),
(426, 3, 'Mahasiswa', 21, 33),
(427, 3, 'Mahasiswa', 21, 34),
(428, 3, 'Mahasiswa', 21, 35),
(429, 3, 'Mahasiswa', 21, 36),
(430, 3, 'Mahasiswa', 21, 37),
(431, 3, 'Mahasiswa', 21, 38),
(432, 4, 'Mahasiswa', 21, 39),
(433, 4, 'Mahasiswa', 21, 40),
(434, 4, 'Mahasiswa', 21, 41),
(435, 4, 'Mahasiswa', 21, 42),
(436, 4, 'Mahasiswa', 21, 43),
(437, 4, 'Mahasiswa', 21, 44),
(438, 4, 'Mahasiswa', 21, 45),
(439, 4, 'Mahasiswa', 21, 46),
(440, 4, 'Mahasiswa', 21, 47),
(441, 4, 'Mahasiswa', 21, 48),
(442, 2, 'Mahasiswa', 22, 28),
(443, 3, 'Mahasiswa', 22, 29),
(444, 3, 'Mahasiswa', 22, 30),
(445, 3, 'Mahasiswa', 22, 31),
(446, 3, 'Mahasiswa', 22, 32),
(447, 3, 'Mahasiswa', 22, 33),
(448, 3, 'Mahasiswa', 22, 34),
(449, 3, 'Mahasiswa', 22, 35),
(450, 3, 'Mahasiswa', 22, 36),
(451, 3, 'Mahasiswa', 22, 37),
(452, 3, 'Mahasiswa', 22, 38),
(453, 3, 'Mahasiswa', 22, 39),
(454, 3, 'Mahasiswa', 22, 40),
(455, 4, 'Mahasiswa', 22, 41),
(456, 4, 'Mahasiswa', 22, 42),
(457, 4, 'Mahasiswa', 22, 43),
(458, 4, 'Mahasiswa', 22, 44),
(459, 4, 'Mahasiswa', 22, 45),
(460, 4, 'Mahasiswa', 22, 46),
(461, 4, 'Mahasiswa', 22, 47),
(462, 3, 'Mahasiswa', 22, 48),
(463, 3, 'Mahasiswa', 23, 28),
(464, 3, 'Mahasiswa', 23, 29),
(465, 3, 'Mahasiswa', 23, 30),
(466, 3, 'Mahasiswa', 23, 31),
(467, 3, 'Mahasiswa', 23, 32),
(468, 4, 'Mahasiswa', 23, 33),
(469, 4, 'Mahasiswa', 23, 34),
(470, 4, 'Mahasiswa', 23, 35),
(471, 4, 'Mahasiswa', 23, 36),
(472, 4, 'Mahasiswa', 23, 37),
(473, 4, 'Mahasiswa', 23, 38),
(474, 4, 'Mahasiswa', 23, 39),
(475, 4, 'Mahasiswa', 23, 40),
(476, 4, 'Mahasiswa', 23, 41),
(477, 4, 'Mahasiswa', 23, 42),
(478, 2, 'Mahasiswa', 23, 43),
(479, 2, 'Mahasiswa', 23, 44),
(480, 2, 'Mahasiswa', 23, 45),
(481, 2, 'Mahasiswa', 23, 46),
(482, 2, 'Mahasiswa', 23, 47),
(483, 2, 'Mahasiswa', 23, 48),
(484, 4, 'Mahasiswa', 24, 28),
(485, 4, 'Mahasiswa', 24, 29),
(486, 4, 'Mahasiswa', 24, 30),
(487, 4, 'Mahasiswa', 24, 31),
(488, 3, 'Mahasiswa', 24, 32),
(489, 3, 'Mahasiswa', 24, 33),
(490, 2, 'Mahasiswa', 24, 34),
(491, 2, 'Mahasiswa', 24, 35),
(492, 3, 'Mahasiswa', 24, 36),
(493, 3, 'Mahasiswa', 24, 37),
(494, 3, 'Mahasiswa', 24, 38),
(495, 3, 'Mahasiswa', 24, 39),
(496, 4, 'Mahasiswa', 24, 40),
(497, 4, 'Mahasiswa', 24, 41),
(498, 4, 'Mahasiswa', 24, 42),
(499, 4, 'Mahasiswa', 24, 43),
(500, 4, 'Mahasiswa', 24, 44),
(501, 4, 'Mahasiswa', 24, 45),
(502, 4, 'Mahasiswa', 24, 46),
(503, 4, 'Mahasiswa', 24, 47),
(504, 4, 'Mahasiswa', 24, 48),
(505, 3, 'Mahasiswa', 25, 28),
(506, 3, 'Mahasiswa', 25, 29),
(507, 3, 'Mahasiswa', 25, 30),
(508, 3, 'Mahasiswa', 25, 31),
(509, 4, 'Mahasiswa', 25, 32),
(510, 4, 'Mahasiswa', 25, 33),
(511, 4, 'Mahasiswa', 25, 34),
(512, 4, 'Mahasiswa', 25, 35),
(513, 4, 'Mahasiswa', 25, 36),
(514, 4, 'Mahasiswa', 25, 37),
(515, 4, 'Mahasiswa', 25, 38),
(516, 4, 'Mahasiswa', 25, 39),
(517, 4, 'Mahasiswa', 25, 40),
(518, 4, 'Mahasiswa', 25, 41),
(519, 3, 'Mahasiswa', 25, 42),
(520, 3, 'Mahasiswa', 25, 43),
(521, 3, 'Mahasiswa', 25, 44),
(522, 3, 'Mahasiswa', 25, 45),
(523, 3, 'Mahasiswa', 25, 46),
(524, 3, 'Mahasiswa', 25, 47),
(525, 3, 'Mahasiswa', 25, 48),
(526, 4, 'Mahasiswa', 26, 28),
(527, 4, 'Mahasiswa', 26, 29),
(528, 4, 'Mahasiswa', 26, 30),
(529, 4, 'Mahasiswa', 26, 31),
(530, 3, 'Mahasiswa', 26, 32),
(531, 3, 'Mahasiswa', 26, 33),
(532, 3, 'Mahasiswa', 26, 34),
(533, 3, 'Mahasiswa', 26, 35),
(534, 3, 'Mahasiswa', 26, 36),
(535, 3, 'Mahasiswa', 26, 37),
(536, 3, 'Mahasiswa', 26, 38),
(537, 3, 'Mahasiswa', 26, 39),
(538, 3, 'Mahasiswa', 26, 40),
(539, 3, 'Mahasiswa', 26, 41),
(540, 3, 'Mahasiswa', 26, 42),
(541, 3, 'Mahasiswa', 26, 43),
(542, 3, 'Mahasiswa', 26, 44),
(543, 3, 'Mahasiswa', 26, 45),
(544, 3, 'Mahasiswa', 26, 46),
(545, 3, 'Mahasiswa', 26, 47),
(546, 3, 'Mahasiswa', 26, 48),
(547, 3, 'Mahasiswa', 27, 28),
(548, 3, 'Mahasiswa', 27, 29),
(549, 3, 'Mahasiswa', 27, 30),
(550, 3, 'Mahasiswa', 27, 31),
(551, 3, 'Mahasiswa', 27, 32),
(552, 3, 'Mahasiswa', 27, 33),
(553, 3, 'Mahasiswa', 27, 34),
(554, 3, 'Mahasiswa', 27, 35),
(555, 3, 'Mahasiswa', 27, 36),
(556, 3, 'Mahasiswa', 27, 37),
(557, 4, 'Mahasiswa', 27, 38),
(558, 4, 'Mahasiswa', 27, 39),
(559, 4, 'Mahasiswa', 27, 40),
(560, 4, 'Mahasiswa', 27, 41),
(561, 4, 'Mahasiswa', 27, 42),
(562, 4, 'Mahasiswa', 27, 43),
(563, 3, 'Mahasiswa', 27, 44),
(564, 3, 'Mahasiswa', 27, 45),
(565, 3, 'Mahasiswa', 27, 46),
(566, 3, 'Mahasiswa', 27, 47),
(567, 3, 'Mahasiswa', 27, 48),
(568, 3, 'Mahasiswa', 28, 28),
(569, 3, 'Mahasiswa', 28, 29),
(570, 3, 'Mahasiswa', 28, 30),
(571, 3, 'Mahasiswa', 28, 31),
(572, 3, 'Mahasiswa', 28, 32),
(573, 3, 'Mahasiswa', 28, 33),
(574, 4, 'Mahasiswa', 28, 34),
(575, 4, 'Mahasiswa', 28, 35),
(576, 4, 'Mahasiswa', 28, 36),
(577, 4, 'Mahasiswa', 28, 37),
(578, 4, 'Mahasiswa', 28, 38),
(579, 4, 'Mahasiswa', 28, 39),
(580, 4, 'Mahasiswa', 28, 40),
(581, 4, 'Mahasiswa', 28, 41),
(582, 4, 'Mahasiswa', 28, 42),
(583, 4, 'Mahasiswa', 28, 43),
(584, 3, 'Mahasiswa', 28, 44),
(585, 3, 'Mahasiswa', 28, 45),
(586, 3, 'Mahasiswa', 28, 46),
(587, 3, 'Mahasiswa', 28, 47),
(588, 3, 'Mahasiswa', 28, 48),
(589, 3, 'Mahasiswa', 29, 28),
(590, 3, 'Mahasiswa', 29, 29),
(591, 3, 'Mahasiswa', 29, 30),
(592, 3, 'Mahasiswa', 29, 31),
(593, 3, 'Mahasiswa', 29, 32),
(594, 3, 'Mahasiswa', 29, 33),
(595, 3, 'Mahasiswa', 29, 34),
(596, 3, 'Mahasiswa', 29, 35),
(597, 3, 'Mahasiswa', 29, 36),
(598, 2, 'Mahasiswa', 29, 37),
(599, 2, 'Mahasiswa', 29, 38),
(600, 2, 'Mahasiswa', 29, 39),
(601, 2, 'Mahasiswa', 29, 40),
(602, 2, 'Mahasiswa', 29, 41),
(603, 2, 'Mahasiswa', 29, 42),
(604, 2, 'Mahasiswa', 29, 43),
(605, 2, 'Mahasiswa', 29, 44),
(606, 2, 'Mahasiswa', 29, 45),
(607, 2, 'Mahasiswa', 29, 46),
(608, 2, 'Mahasiswa', 29, 47),
(609, 2, 'Mahasiswa', 29, 48),
(610, 3, 'Mahasiswa', 30, 28),
(611, 3, 'Mahasiswa', 30, 29),
(612, 3, 'Mahasiswa', 30, 30),
(613, 3, 'Mahasiswa', 30, 31),
(614, 3, 'Mahasiswa', 30, 32),
(615, 3, 'Mahasiswa', 30, 33),
(616, 3, 'Mahasiswa', 30, 34),
(617, 3, 'Mahasiswa', 30, 35),
(618, 3, 'Mahasiswa', 30, 36),
(619, 3, 'Mahasiswa', 30, 37),
(620, 3, 'Mahasiswa', 30, 38),
(621, 4, 'Mahasiswa', 30, 39),
(622, 4, 'Mahasiswa', 30, 40),
(623, 4, 'Mahasiswa', 30, 41),
(624, 4, 'Mahasiswa', 30, 42),
(625, 4, 'Mahasiswa', 30, 43),
(626, 4, 'Mahasiswa', 30, 44),
(627, 4, 'Mahasiswa', 30, 45),
(628, 4, 'Mahasiswa', 30, 46),
(629, 4, 'Mahasiswa', 30, 47),
(630, 4, 'Mahasiswa', 30, 48),
(631, 3, 'Mahasiswa', 31, 28),
(632, 3, 'Mahasiswa', 31, 29),
(633, 3, 'Mahasiswa', 31, 30),
(634, 3, 'Mahasiswa', 31, 31),
(635, 3, 'Mahasiswa', 31, 32),
(636, 3, 'Mahasiswa', 31, 33),
(637, 3, 'Mahasiswa', 31, 34),
(638, 3, 'Mahasiswa', 31, 35),
(639, 3, 'Mahasiswa', 31, 36),
(640, 3, 'Mahasiswa', 31, 37),
(641, 3, 'Mahasiswa', 31, 38),
(642, 3, 'Mahasiswa', 31, 39),
(643, 3, 'Mahasiswa', 31, 40),
(644, 3, 'Mahasiswa', 31, 41),
(645, 4, 'Mahasiswa', 31, 42),
(646, 4, 'Mahasiswa', 31, 43),
(647, 4, 'Mahasiswa', 31, 44),
(648, 3, 'Mahasiswa', 31, 45),
(649, 2, 'Mahasiswa', 31, 46),
(650, 1, 'Mahasiswa', 31, 47),
(651, 2, 'Mahasiswa', 31, 48),
(652, 3, 'Mahasiswa', 32, 28),
(653, 3, 'Mahasiswa', 32, 29),
(654, 3, 'Mahasiswa', 32, 30),
(655, 3, 'Mahasiswa', 32, 31),
(656, 3, 'Mahasiswa', 32, 32),
(657, 3, 'Mahasiswa', 32, 33),
(658, 3, 'Mahasiswa', 32, 34),
(659, 3, 'Mahasiswa', 32, 35),
(660, 4, 'Mahasiswa', 32, 36),
(661, 4, 'Mahasiswa', 32, 37),
(662, 4, 'Mahasiswa', 32, 38),
(663, 4, 'Mahasiswa', 32, 39),
(664, 4, 'Mahasiswa', 32, 40),
(665, 2, 'Mahasiswa', 32, 41),
(666, 2, 'Mahasiswa', 32, 42),
(667, 2, 'Mahasiswa', 32, 43),
(668, 2, 'Mahasiswa', 32, 44),
(669, 2, 'Mahasiswa', 32, 45),
(670, 2, 'Mahasiswa', 32, 46),
(671, 2, 'Mahasiswa', 32, 47),
(672, 2, 'Mahasiswa', 32, 48),
(673, 3, 'Mahasiswa', 33, 28),
(674, 3, 'Mahasiswa', 33, 29),
(675, 3, 'Mahasiswa', 33, 30),
(676, 3, 'Mahasiswa', 33, 31),
(677, 3, 'Mahasiswa', 33, 32),
(678, 3, 'Mahasiswa', 33, 33),
(679, 3, 'Mahasiswa', 33, 34),
(680, 3, 'Mahasiswa', 33, 35),
(681, 3, 'Mahasiswa', 33, 36),
(682, 3, 'Mahasiswa', 33, 37),
(683, 3, 'Mahasiswa', 33, 38),
(684, 4, 'Mahasiswa', 33, 39),
(685, 4, 'Mahasiswa', 33, 40),
(686, 4, 'Mahasiswa', 33, 41),
(687, 4, 'Mahasiswa', 33, 42),
(688, 4, 'Mahasiswa', 33, 43),
(689, 4, 'Mahasiswa', 33, 44),
(690, 4, 'Mahasiswa', 33, 45),
(691, 4, 'Mahasiswa', 33, 46),
(692, 4, 'Mahasiswa', 33, 47),
(693, 4, 'Mahasiswa', 33, 48),
(694, 3, 'Mahasiswa', 34, 28),
(695, 3, 'Mahasiswa', 34, 29),
(696, 3, 'Mahasiswa', 34, 30),
(697, 3, 'Mahasiswa', 34, 31),
(698, 3, 'Mahasiswa', 34, 32),
(699, 3, 'Mahasiswa', 34, 33),
(700, 3, 'Mahasiswa', 34, 34),
(701, 3, 'Mahasiswa', 34, 35),
(702, 4, 'Mahasiswa', 34, 36),
(703, 4, 'Mahasiswa', 34, 37),
(704, 4, 'Mahasiswa', 34, 38),
(705, 4, 'Mahasiswa', 34, 39),
(706, 4, 'Mahasiswa', 34, 40),
(707, 4, 'Mahasiswa', 34, 41),
(708, 4, 'Mahasiswa', 34, 42),
(709, 3, 'Mahasiswa', 34, 43),
(710, 3, 'Mahasiswa', 34, 44),
(711, 3, 'Mahasiswa', 34, 45),
(712, 3, 'Mahasiswa', 34, 46),
(713, 3, 'Mahasiswa', 34, 47),
(714, 3, 'Mahasiswa', 34, 48),
(715, 4, 'Mahasiswa', 35, 28),
(716, 4, 'Mahasiswa', 35, 29),
(717, 4, 'Mahasiswa', 35, 30),
(718, 4, 'Mahasiswa', 35, 31),
(719, 4, 'Mahasiswa', 35, 32),
(720, 4, 'Mahasiswa', 35, 33),
(721, 4, 'Mahasiswa', 35, 34),
(722, 4, 'Mahasiswa', 35, 35),
(723, 4, 'Mahasiswa', 35, 36),
(724, 4, 'Mahasiswa', 35, 37),
(725, 4, 'Mahasiswa', 35, 38),
(726, 3, 'Mahasiswa', 35, 39),
(727, 3, 'Mahasiswa', 35, 40),
(728, 3, 'Mahasiswa', 35, 41),
(729, 4, 'Mahasiswa', 35, 42),
(730, 3, 'Mahasiswa', 35, 43),
(731, 3, 'Mahasiswa', 35, 44),
(732, 3, 'Mahasiswa', 35, 45),
(733, 2, 'Mahasiswa', 35, 46),
(734, 1, 'Mahasiswa', 35, 47),
(735, 1, 'Mahasiswa', 35, 48),
(736, 4, 'Mahasiswa', 36, 28),
(737, 4, 'Mahasiswa', 36, 29),
(738, 4, 'Mahasiswa', 36, 30),
(739, 4, 'Mahasiswa', 36, 31),
(740, 4, 'Mahasiswa', 36, 32),
(741, 4, 'Mahasiswa', 36, 33),
(742, 4, 'Mahasiswa', 36, 34),
(743, 4, 'Mahasiswa', 36, 35),
(744, 4, 'Mahasiswa', 36, 36),
(745, 4, 'Mahasiswa', 36, 37),
(746, 3, 'Mahasiswa', 36, 38),
(747, 3, 'Mahasiswa', 36, 39),
(748, 3, 'Mahasiswa', 36, 40),
(749, 3, 'Mahasiswa', 36, 41),
(750, 3, 'Mahasiswa', 36, 42),
(751, 3, 'Mahasiswa', 36, 43),
(752, 3, 'Mahasiswa', 36, 44),
(753, 3, 'Mahasiswa', 36, 45),
(754, 3, 'Mahasiswa', 36, 46),
(755, 3, 'Mahasiswa', 36, 47),
(756, 2, 'Mahasiswa', 36, 48),
(757, 4, 'Mahasiswa', 37, 28),
(758, 4, 'Mahasiswa', 37, 29),
(759, 4, 'Mahasiswa', 37, 30),
(760, 4, 'Mahasiswa', 37, 31),
(761, 4, 'Mahasiswa', 37, 32),
(762, 4, 'Mahasiswa', 37, 33),
(763, 4, 'Mahasiswa', 37, 34),
(764, 4, 'Mahasiswa', 37, 35),
(765, 4, 'Mahasiswa', 37, 36),
(766, 4, 'Mahasiswa', 37, 37),
(767, 3, 'Mahasiswa', 37, 38),
(768, 2, 'Mahasiswa', 37, 39),
(769, 1, 'Mahasiswa', 37, 40),
(770, 2, 'Mahasiswa', 37, 41),
(771, 3, 'Mahasiswa', 37, 42),
(772, 4, 'Mahasiswa', 37, 43),
(773, 3, 'Mahasiswa', 37, 44),
(774, 2, 'Mahasiswa', 37, 45),
(775, 1, 'Mahasiswa', 37, 46),
(776, 2, 'Mahasiswa', 37, 47),
(777, 3, 'Mahasiswa', 37, 48),
(778, 4, 'Mahasiswa', 38, 28),
(779, 4, 'Mahasiswa', 38, 29),
(780, 4, 'Mahasiswa', 38, 30),
(781, 4, 'Mahasiswa', 38, 31),
(782, 4, 'Mahasiswa', 38, 32),
(783, 4, 'Mahasiswa', 38, 33),
(784, 4, 'Mahasiswa', 38, 34),
(785, 4, 'Mahasiswa', 38, 35),
(786, 4, 'Mahasiswa', 38, 36),
(787, 3, 'Mahasiswa', 38, 37),
(788, 3, 'Mahasiswa', 38, 38),
(789, 1, 'Mahasiswa', 38, 39),
(790, 2, 'Mahasiswa', 38, 40),
(791, 3, 'Mahasiswa', 38, 41),
(792, 4, 'Mahasiswa', 38, 42),
(793, 3, 'Mahasiswa', 38, 43),
(794, 2, 'Mahasiswa', 38, 44),
(795, 1, 'Mahasiswa', 38, 45),
(796, 3, 'Mahasiswa', 38, 46),
(797, 3, 'Mahasiswa', 38, 47),
(798, 3, 'Mahasiswa', 38, 48),
(799, 3, 'Mahasiswa', 39, 28),
(800, 3, 'Mahasiswa', 39, 29),
(801, 3, 'Mahasiswa', 39, 30),
(802, 3, 'Mahasiswa', 39, 31),
(803, 3, 'Mahasiswa', 39, 32),
(804, 3, 'Mahasiswa', 39, 33),
(805, 3, 'Mahasiswa', 39, 34),
(806, 3, 'Mahasiswa', 39, 35),
(807, 3, 'Mahasiswa', 39, 36),
(808, 3, 'Mahasiswa', 39, 37),
(809, 4, 'Mahasiswa', 39, 38),
(810, 4, 'Mahasiswa', 39, 39),
(811, 4, 'Mahasiswa', 39, 40),
(812, 4, 'Mahasiswa', 39, 41),
(813, 4, 'Mahasiswa', 39, 42),
(814, 4, 'Mahasiswa', 39, 43),
(815, 4, 'Mahasiswa', 39, 44),
(816, 4, 'Mahasiswa', 39, 45),
(817, 4, 'Mahasiswa', 39, 46),
(818, 4, 'Mahasiswa', 39, 47),
(819, 2, 'Mahasiswa', 39, 48),
(820, 3, 'Mahasiswa', 40, 28),
(821, 3, 'Mahasiswa', 40, 29),
(822, 3, 'Mahasiswa', 40, 30),
(823, 3, 'Mahasiswa', 40, 31),
(824, 3, 'Mahasiswa', 40, 32),
(825, 3, 'Mahasiswa', 40, 33),
(826, 3, 'Mahasiswa', 40, 34),
(827, 3, 'Mahasiswa', 40, 35),
(828, 3, 'Mahasiswa', 40, 36),
(829, 3, 'Mahasiswa', 40, 37),
(830, 4, 'Mahasiswa', 40, 38),
(831, 4, 'Mahasiswa', 40, 39),
(832, 4, 'Mahasiswa', 40, 40),
(833, 4, 'Mahasiswa', 40, 41),
(834, 4, 'Mahasiswa', 40, 42),
(835, 4, 'Mahasiswa', 40, 43),
(836, 4, 'Mahasiswa', 40, 44),
(837, 4, 'Mahasiswa', 40, 45),
(838, 4, 'Mahasiswa', 40, 46),
(839, 4, 'Mahasiswa', 40, 47),
(840, 2, 'Mahasiswa', 40, 48),
(841, 4, 'Mahasiswa', 41, 28),
(842, 3, 'Mahasiswa', 41, 29),
(843, 2, 'Mahasiswa', 41, 30),
(844, 1, 'Mahasiswa', 41, 31),
(845, 2, 'Mahasiswa', 41, 32),
(846, 3, 'Mahasiswa', 41, 33),
(847, 4, 'Mahasiswa', 41, 34),
(848, 4, 'Mahasiswa', 41, 35),
(849, 4, 'Mahasiswa', 41, 36),
(850, 4, 'Mahasiswa', 41, 37),
(851, 4, 'Mahasiswa', 41, 38),
(852, 4, 'Mahasiswa', 41, 39),
(853, 4, 'Mahasiswa', 41, 40),
(854, 4, 'Mahasiswa', 41, 41),
(855, 4, 'Mahasiswa', 41, 42),
(856, 4, 'Mahasiswa', 41, 43),
(857, 4, 'Mahasiswa', 41, 44),
(858, 3, 'Mahasiswa', 41, 45),
(859, 3, 'Mahasiswa', 41, 46),
(860, 3, 'Mahasiswa', 41, 47),
(861, 3, 'Mahasiswa', 41, 48),
(862, 3, 'Mahasiswa', 42, 28),
(863, 3, 'Mahasiswa', 42, 29),
(864, 3, 'Mahasiswa', 42, 30),
(865, 3, 'Mahasiswa', 42, 31),
(866, 3, 'Mahasiswa', 42, 32),
(867, 3, 'Mahasiswa', 42, 33),
(868, 3, 'Mahasiswa', 42, 34),
(869, 3, 'Mahasiswa', 42, 35),
(870, 3, 'Mahasiswa', 42, 36),
(871, 3, 'Mahasiswa', 42, 37),
(872, 4, 'Mahasiswa', 42, 38),
(873, 4, 'Mahasiswa', 42, 39),
(874, 4, 'Mahasiswa', 42, 40),
(875, 4, 'Mahasiswa', 42, 41),
(876, 4, 'Mahasiswa', 42, 42),
(877, 4, 'Mahasiswa', 42, 43),
(878, 4, 'Mahasiswa', 42, 44),
(879, 3, 'Mahasiswa', 42, 45),
(880, 3, 'Mahasiswa', 42, 46),
(881, 3, 'Mahasiswa', 42, 47),
(882, 3, 'Mahasiswa', 42, 48),
(883, 3, 'Mahasiswa', 43, 28),
(884, 3, 'Mahasiswa', 43, 29),
(885, 3, 'Mahasiswa', 43, 30),
(886, 3, 'Mahasiswa', 43, 31),
(887, 3, 'Mahasiswa', 43, 32),
(888, 2, 'Mahasiswa', 43, 33),
(889, 1, 'Mahasiswa', 43, 34),
(890, 3, 'Mahasiswa', 43, 35),
(891, 3, 'Mahasiswa', 43, 36),
(892, 3, 'Mahasiswa', 43, 37),
(893, 3, 'Mahasiswa', 43, 38),
(894, 3, 'Mahasiswa', 43, 39),
(895, 3, 'Mahasiswa', 43, 40),
(896, 3, 'Mahasiswa', 43, 41),
(897, 3, 'Mahasiswa', 43, 42),
(898, 3, 'Mahasiswa', 43, 43),
(899, 3, 'Mahasiswa', 43, 44),
(900, 3, 'Mahasiswa', 43, 45),
(901, 4, 'Mahasiswa', 43, 46),
(902, 4, 'Mahasiswa', 43, 47),
(903, 4, 'Mahasiswa', 43, 48),
(904, 4, 'Mahasiswa', 44, 28),
(905, 4, 'Mahasiswa', 44, 29),
(906, 4, 'Mahasiswa', 44, 30),
(907, 4, 'Mahasiswa', 44, 31),
(908, 4, 'Mahasiswa', 44, 32),
(909, 2, 'Mahasiswa', 44, 33),
(910, 3, 'Mahasiswa', 44, 34),
(911, 2, 'Mahasiswa', 44, 35),
(912, 2, 'Mahasiswa', 44, 36),
(913, 2, 'Mahasiswa', 44, 37),
(914, 2, 'Mahasiswa', 44, 38),
(915, 3, 'Mahasiswa', 44, 39),
(916, 3, 'Mahasiswa', 44, 40),
(917, 4, 'Mahasiswa', 44, 41),
(918, 4, 'Mahasiswa', 44, 42),
(919, 4, 'Mahasiswa', 44, 43),
(920, 4, 'Mahasiswa', 44, 44),
(921, 4, 'Mahasiswa', 44, 45),
(922, 4, 'Mahasiswa', 44, 46),
(923, 4, 'Mahasiswa', 44, 47),
(924, 4, 'Mahasiswa', 44, 48),
(925, 4, 'Mahasiswa', 45, 28),
(926, 3, 'Mahasiswa', 45, 29),
(927, 3, 'Mahasiswa', 45, 30),
(928, 3, 'Mahasiswa', 45, 31),
(929, 3, 'Mahasiswa', 45, 32),
(930, 3, 'Mahasiswa', 45, 33),
(931, 4, 'Mahasiswa', 45, 34),
(932, 4, 'Mahasiswa', 45, 35),
(933, 4, 'Mahasiswa', 45, 36),
(934, 4, 'Mahasiswa', 45, 37),
(935, 4, 'Mahasiswa', 45, 38),
(936, 4, 'Mahasiswa', 45, 39),
(937, 3, 'Mahasiswa', 45, 40),
(938, 3, 'Mahasiswa', 45, 41),
(939, 3, 'Mahasiswa', 45, 42),
(940, 3, 'Mahasiswa', 45, 43),
(941, 3, 'Mahasiswa', 45, 44),
(942, 4, 'Mahasiswa', 45, 45),
(943, 4, 'Mahasiswa', 45, 46),
(944, 4, 'Mahasiswa', 45, 47),
(945, 3, 'Mahasiswa', 45, 48),
(946, 3, 'Mahasiswa', 46, 28),
(947, 3, 'Mahasiswa', 46, 29),
(948, 3, 'Mahasiswa', 46, 30),
(949, 3, 'Mahasiswa', 46, 31),
(950, 3, 'Mahasiswa', 46, 32),
(951, 3, 'Mahasiswa', 46, 33),
(952, 3, 'Mahasiswa', 46, 34),
(953, 3, 'Mahasiswa', 46, 35),
(954, 3, 'Mahasiswa', 46, 36),
(955, 4, 'Mahasiswa', 46, 37),
(956, 4, 'Mahasiswa', 46, 38),
(957, 4, 'Mahasiswa', 46, 39),
(958, 4, 'Mahasiswa', 46, 40),
(959, 4, 'Mahasiswa', 46, 41),
(960, 4, 'Mahasiswa', 46, 42),
(961, 4, 'Mahasiswa', 46, 43),
(962, 4, 'Mahasiswa', 46, 44),
(963, 3, 'Mahasiswa', 46, 45),
(964, 3, 'Mahasiswa', 46, 46),
(965, 3, 'Mahasiswa', 46, 47),
(966, 3, 'Mahasiswa', 46, 48),
(967, 3, 'Mahasiswa', 47, 28),
(968, 3, 'Mahasiswa', 47, 29),
(969, 3, 'Mahasiswa', 47, 30),
(970, 3, 'Mahasiswa', 47, 31),
(971, 3, 'Mahasiswa', 47, 32),
(972, 3, 'Mahasiswa', 47, 33),
(973, 3, 'Mahasiswa', 47, 34),
(974, 3, 'Mahasiswa', 47, 35),
(975, 3, 'Mahasiswa', 47, 36),
(976, 3, 'Mahasiswa', 47, 37),
(977, 3, 'Mahasiswa', 47, 38),
(978, 3, 'Mahasiswa', 47, 39),
(979, 4, 'Mahasiswa', 47, 40),
(980, 4, 'Mahasiswa', 47, 41),
(981, 4, 'Mahasiswa', 47, 42),
(982, 4, 'Mahasiswa', 47, 43),
(983, 4, 'Mahasiswa', 47, 44),
(984, 4, 'Mahasiswa', 47, 45),
(985, 4, 'Mahasiswa', 47, 46),
(986, 4, 'Mahasiswa', 47, 47),
(987, 4, 'Mahasiswa', 47, 48),
(988, 4, 'Mahasiswa', 48, 28),
(989, 4, 'Mahasiswa', 48, 29),
(990, 3, 'Mahasiswa', 48, 30),
(991, 3, 'Mahasiswa', 48, 31),
(992, 3, 'Mahasiswa', 48, 32),
(993, 2, 'Mahasiswa', 48, 33),
(994, 1, 'Mahasiswa', 48, 34),
(995, 1, 'Mahasiswa', 48, 35),
(996, 2, 'Mahasiswa', 48, 36),
(997, 2, 'Mahasiswa', 48, 37),
(998, 3, 'Mahasiswa', 48, 38),
(999, 3, 'Mahasiswa', 48, 39),
(1000, 3, 'Mahasiswa', 48, 40),
(1001, 3, 'Mahasiswa', 48, 41),
(1002, 3, 'Mahasiswa', 48, 42),
(1003, 4, 'Mahasiswa', 48, 43),
(1004, 4, 'Mahasiswa', 48, 44),
(1005, 4, 'Mahasiswa', 48, 45),
(1006, 4, 'Mahasiswa', 48, 46),
(1007, 4, 'Mahasiswa', 48, 47),
(1008, 4, 'Mahasiswa', 48, 48),
(1009, 3, 'Mahasiswa', 49, 28),
(1010, 3, 'Mahasiswa', 49, 29),
(1011, 3, 'Mahasiswa', 49, 30),
(1012, 3, 'Mahasiswa', 49, 31),
(1013, 3, 'Mahasiswa', 49, 32),
(1014, 3, 'Mahasiswa', 49, 33),
(1015, 3, 'Mahasiswa', 49, 34),
(1016, 3, 'Mahasiswa', 49, 35),
(1017, 2, 'Mahasiswa', 49, 36),
(1018, 3, 'Mahasiswa', 49, 37),
(1019, 3, 'Mahasiswa', 49, 38),
(1020, 3, 'Mahasiswa', 49, 39),
(1021, 3, 'Mahasiswa', 49, 40),
(1022, 3, 'Mahasiswa', 49, 41),
(1023, 3, 'Mahasiswa', 49, 42),
(1024, 2, 'Mahasiswa', 49, 43),
(1025, 2, 'Mahasiswa', 49, 44),
(1026, 2, 'Mahasiswa', 49, 45),
(1027, 2, 'Mahasiswa', 49, 46),
(1028, 2, 'Mahasiswa', 49, 47),
(1029, 1, 'Mahasiswa', 49, 48),
(1030, 3, 'Mahasiswa', 50, 28),
(1031, 3, 'Mahasiswa', 50, 29),
(1032, 3, 'Mahasiswa', 50, 30),
(1033, 3, 'Mahasiswa', 50, 31),
(1034, 3, 'Mahasiswa', 50, 32),
(1035, 3, 'Mahasiswa', 50, 33),
(1036, 3, 'Mahasiswa', 50, 34),
(1037, 3, 'Mahasiswa', 50, 35),
(1038, 3, 'Mahasiswa', 50, 36),
(1039, 3, 'Mahasiswa', 50, 37),
(1040, 3, 'Mahasiswa', 50, 38),
(1041, 3, 'Mahasiswa', 50, 39),
(1042, 3, 'Mahasiswa', 50, 40),
(1043, 3, 'Mahasiswa', 50, 41),
(1044, 3, 'Mahasiswa', 50, 42),
(1045, 4, 'Mahasiswa', 50, 43),
(1046, 4, 'Mahasiswa', 50, 44),
(1047, 4, 'Mahasiswa', 50, 45),
(1048, 4, 'Mahasiswa', 50, 46),
(1049, 4, 'Mahasiswa', 50, 47),
(1050, 1, 'Mahasiswa', 50, 48),
(1051, 3, 'Mahasiswa', 51, 28),
(1052, 3, 'Mahasiswa', 51, 29),
(1053, 3, 'Mahasiswa', 51, 30),
(1054, 3, 'Mahasiswa', 51, 31),
(1055, 3, 'Mahasiswa', 51, 32),
(1056, 3, 'Mahasiswa', 51, 33),
(1057, 3, 'Mahasiswa', 51, 34),
(1058, 3, 'Mahasiswa', 51, 35),
(1059, 3, 'Mahasiswa', 51, 36),
(1060, 3, 'Mahasiswa', 51, 37),
(1061, 3, 'Mahasiswa', 51, 38),
(1062, 3, 'Mahasiswa', 51, 39),
(1063, 3, 'Mahasiswa', 51, 40),
(1064, 3, 'Mahasiswa', 51, 41),
(1065, 3, 'Mahasiswa', 51, 42),
(1066, 2, 'Mahasiswa', 51, 43),
(1067, 2, 'Mahasiswa', 51, 44),
(1068, 2, 'Mahasiswa', 51, 45),
(1069, 2, 'Mahasiswa', 51, 46),
(1070, 2, 'Mahasiswa', 51, 47),
(1071, 2, 'Mahasiswa', 51, 48),
(1072, 4, 'Mahasiswa', 52, 28),
(1073, 4, 'Mahasiswa', 52, 29),
(1074, 4, 'Mahasiswa', 52, 30),
(1075, 4, 'Mahasiswa', 52, 31),
(1076, 4, 'Mahasiswa', 52, 32),
(1077, 4, 'Mahasiswa', 52, 33),
(1078, 4, 'Mahasiswa', 52, 34),
(1079, 4, 'Mahasiswa', 52, 35),
(1080, 1, 'Mahasiswa', 52, 36),
(1081, 4, 'Mahasiswa', 52, 37),
(1082, 4, 'Mahasiswa', 52, 38),
(1083, 4, 'Mahasiswa', 52, 39),
(1084, 4, 'Mahasiswa', 52, 40),
(1085, 4, 'Mahasiswa', 52, 41),
(1086, 4, 'Mahasiswa', 52, 42),
(1087, 3, 'Mahasiswa', 52, 43),
(1088, 3, 'Mahasiswa', 52, 44),
(1089, 3, 'Mahasiswa', 52, 45),
(1090, 3, 'Mahasiswa', 52, 46),
(1091, 3, 'Mahasiswa', 52, 47),
(1092, 3, 'Mahasiswa', 52, 48),
(1093, 4, 'Mahasiswa', 53, 28),
(1094, 4, 'Mahasiswa', 53, 29),
(1095, 4, 'Mahasiswa', 53, 30),
(1096, 4, 'Mahasiswa', 53, 31),
(1097, 4, 'Mahasiswa', 53, 32),
(1098, 4, 'Mahasiswa', 53, 33),
(1099, 3, 'Mahasiswa', 53, 34),
(1100, 3, 'Mahasiswa', 53, 35),
(1101, 1, 'Mahasiswa', 53, 36),
(1102, 4, 'Mahasiswa', 53, 37),
(1103, 4, 'Mahasiswa', 53, 38),
(1104, 4, 'Mahasiswa', 53, 39),
(1105, 4, 'Mahasiswa', 53, 40),
(1106, 4, 'Mahasiswa', 53, 41),
(1107, 4, 'Mahasiswa', 53, 42),
(1108, 3, 'Mahasiswa', 53, 43),
(1109, 3, 'Mahasiswa', 53, 44),
(1110, 3, 'Mahasiswa', 53, 45),
(1111, 3, 'Mahasiswa', 53, 46),
(1112, 3, 'Mahasiswa', 53, 47),
(1113, 3, 'Mahasiswa', 53, 48),
(1114, 3, 'Mahasiswa', 54, 28),
(1115, 3, 'Mahasiswa', 54, 29),
(1116, 3, 'Mahasiswa', 54, 30),
(1117, 3, 'Mahasiswa', 54, 31),
(1118, 3, 'Mahasiswa', 54, 32),
(1119, 3, 'Mahasiswa', 54, 33),
(1120, 2, 'Mahasiswa', 54, 34),
(1121, 3, 'Mahasiswa', 54, 35),
(1122, 1, 'Mahasiswa', 54, 36),
(1123, 3, 'Mahasiswa', 54, 37),
(1124, 3, 'Mahasiswa', 54, 38),
(1125, 3, 'Mahasiswa', 54, 39),
(1126, 3, 'Mahasiswa', 54, 40),
(1127, 3, 'Mahasiswa', 54, 41),
(1128, 3, 'Mahasiswa', 54, 42),
(1129, 2, 'Mahasiswa', 54, 43),
(1130, 1, 'Mahasiswa', 54, 44),
(1131, 3, 'Mahasiswa', 54, 45),
(1132, 3, 'Mahasiswa', 54, 46),
(1133, 3, 'Mahasiswa', 54, 47),
(1134, 2, 'Mahasiswa', 54, 48),
(1135, 4, 'Mahasiswa', 55, 28),
(1136, 4, 'Mahasiswa', 55, 29),
(1137, 3, 'Mahasiswa', 55, 30),
(1138, 3, 'Mahasiswa', 55, 31),
(1139, 2, 'Mahasiswa', 55, 32),
(1140, 3, 'Mahasiswa', 55, 33),
(1141, 4, 'Mahasiswa', 55, 34),
(1142, 4, 'Mahasiswa', 55, 35),
(1143, 4, 'Mahasiswa', 55, 36),
(1144, 4, 'Mahasiswa', 55, 37),
(1145, 3, 'Mahasiswa', 55, 38),
(1146, 3, 'Mahasiswa', 55, 39),
(1147, 3, 'Mahasiswa', 55, 40),
(1148, 3, 'Mahasiswa', 55, 41),
(1149, 4, 'Mahasiswa', 55, 42),
(1150, 1, 'Mahasiswa', 55, 43),
(1151, 3, 'Mahasiswa', 55, 44),
(1152, 1, 'Mahasiswa', 55, 45),
(1153, 2, 'Mahasiswa', 55, 46),
(1154, 3, 'Mahasiswa', 55, 47),
(1155, 3, 'Mahasiswa', 55, 48),
(1156, 3, 'Mahasiswa', 56, 28),
(1157, 3, 'Mahasiswa', 56, 29),
(1158, 3, 'Mahasiswa', 56, 30),
(1159, 3, 'Mahasiswa', 56, 31),
(1160, 3, 'Mahasiswa', 56, 32),
(1161, 4, 'Mahasiswa', 56, 33),
(1162, 3, 'Mahasiswa', 56, 34),
(1163, 3, 'Mahasiswa', 56, 35),
(1164, 3, 'Mahasiswa', 56, 36),
(1165, 3, 'Mahasiswa', 56, 37),
(1166, 3, 'Mahasiswa', 56, 38),
(1167, 3, 'Mahasiswa', 56, 39),
(1168, 3, 'Mahasiswa', 56, 40),
(1169, 3, 'Mahasiswa', 56, 41),
(1170, 3, 'Mahasiswa', 56, 42),
(1171, 2, 'Mahasiswa', 56, 43),
(1172, 1, 'Mahasiswa', 56, 44),
(1173, 2, 'Mahasiswa', 56, 45),
(1174, 3, 'Mahasiswa', 56, 46),
(1175, 2, 'Mahasiswa', 56, 47),
(1176, 2, 'Mahasiswa', 56, 48),
(1177, 3, 'Mahasiswa', 57, 28),
(1178, 3, 'Mahasiswa', 57, 29),
(1179, 3, 'Mahasiswa', 57, 30),
(1180, 3, 'Mahasiswa', 57, 31),
(1181, 3, 'Mahasiswa', 57, 32),
(1182, 3, 'Mahasiswa', 57, 33),
(1183, 4, 'Mahasiswa', 57, 34),
(1184, 3, 'Mahasiswa', 57, 35),
(1185, 3, 'Mahasiswa', 57, 36),
(1186, 3, 'Mahasiswa', 57, 37),
(1187, 3, 'Mahasiswa', 57, 38),
(1188, 3, 'Mahasiswa', 57, 39),
(1189, 3, 'Mahasiswa', 57, 40),
(1190, 3, 'Mahasiswa', 57, 41),
(1191, 3, 'Mahasiswa', 57, 42),
(1192, 3, 'Mahasiswa', 57, 43),
(1193, 2, 'Mahasiswa', 57, 44),
(1194, 3, 'Mahasiswa', 57, 45),
(1195, 3, 'Mahasiswa', 57, 46),
(1196, 3, 'Mahasiswa', 57, 47),
(1197, 3, 'Mahasiswa', 57, 48),
(1198, 3, 'Mahasiswa', 58, 28),
(1199, 2, 'Mahasiswa', 58, 29),
(1200, 3, 'Mahasiswa', 58, 30),
(1201, 2, 'Mahasiswa', 58, 31),
(1202, 3, 'Mahasiswa', 58, 32),
(1203, 2, 'Mahasiswa', 58, 33),
(1204, 1, 'Mahasiswa', 58, 34),
(1205, 3, 'Mahasiswa', 58, 35),
(1206, 3, 'Mahasiswa', 58, 36),
(1207, 3, 'Mahasiswa', 58, 37),
(1208, 3, 'Mahasiswa', 58, 38),
(1209, 3, 'Mahasiswa', 58, 39),
(1210, 2, 'Mahasiswa', 58, 40),
(1211, 3, 'Mahasiswa', 58, 41),
(1212, 2, 'Mahasiswa', 58, 42),
(1213, 2, 'Mahasiswa', 58, 43),
(1214, 2, 'Mahasiswa', 58, 44),
(1215, 3, 'Mahasiswa', 58, 45),
(1216, 3, 'Mahasiswa', 58, 46),
(1217, 3, 'Mahasiswa', 58, 47),
(1218, 3, 'Mahasiswa', 58, 48),
(1219, 4, 'Mahasiswa', 59, 28),
(1220, 3, 'Mahasiswa', 59, 29),
(1221, 4, 'Mahasiswa', 59, 30),
(1222, 3, 'Mahasiswa', 59, 31),
(1223, 2, 'Mahasiswa', 59, 32),
(1224, 4, 'Mahasiswa', 59, 33),
(1225, 4, 'Mahasiswa', 59, 34),
(1226, 3, 'Mahasiswa', 59, 35),
(1227, 2, 'Mahasiswa', 59, 36),
(1228, 3, 'Mahasiswa', 59, 37),
(1229, 3, 'Mahasiswa', 59, 38),
(1230, 4, 'Mahasiswa', 59, 39),
(1231, 4, 'Mahasiswa', 59, 40),
(1232, 3, 'Mahasiswa', 59, 41),
(1233, 4, 'Mahasiswa', 59, 42),
(1234, 2, 'Mahasiswa', 59, 43),
(1235, 3, 'Mahasiswa', 59, 44),
(1236, 3, 'Mahasiswa', 59, 45),
(1237, 3, 'Mahasiswa', 59, 46),
(1238, 3, 'Mahasiswa', 59, 47),
(1239, 3, 'Mahasiswa', 59, 48),
(1240, 3, 'Mahasiswa', 60, 28),
(1241, 3, 'Mahasiswa', 60, 29),
(1242, 3, 'Mahasiswa', 60, 30),
(1243, 3, 'Mahasiswa', 60, 31),
(1244, 3, 'Mahasiswa', 60, 32),
(1245, 3, 'Mahasiswa', 60, 33),
(1246, 3, 'Mahasiswa', 60, 34),
(1247, 3, 'Mahasiswa', 60, 35),
(1248, 3, 'Mahasiswa', 60, 36),
(1249, 3, 'Mahasiswa', 60, 37),
(1250, 3, 'Mahasiswa', 60, 38),
(1251, 3, 'Mahasiswa', 60, 39),
(1252, 3, 'Mahasiswa', 60, 40),
(1253, 3, 'Mahasiswa', 60, 41),
(1254, 3, 'Mahasiswa', 60, 42),
(1255, 2, 'Mahasiswa', 60, 43),
(1256, 3, 'Mahasiswa', 60, 44),
(1257, 2, 'Mahasiswa', 60, 45),
(1258, 3, 'Mahasiswa', 60, 46),
(1259, 3, 'Mahasiswa', 60, 47),
(1260, 2, 'Mahasiswa', 60, 48),
(1261, 3, 'Mahasiswa', 61, 28),
(1262, 3, 'Mahasiswa', 61, 29),
(1263, 3, 'Mahasiswa', 61, 30),
(1264, 3, 'Mahasiswa', 61, 31),
(1265, 3, 'Mahasiswa', 61, 32),
(1266, 3, 'Mahasiswa', 61, 33),
(1267, 2, 'Mahasiswa', 61, 34),
(1268, 2, 'Mahasiswa', 61, 35),
(1269, 2, 'Mahasiswa', 61, 36),
(1270, 2, 'Mahasiswa', 61, 37),
(1271, 2, 'Mahasiswa', 61, 38),
(1272, 2, 'Mahasiswa', 61, 39),
(1273, 2, 'Mahasiswa', 61, 40),
(1274, 2, 'Mahasiswa', 61, 41),
(1275, 2, 'Mahasiswa', 61, 42),
(1276, 2, 'Mahasiswa', 61, 43),
(1277, 3, 'Mahasiswa', 61, 44),
(1278, 3, 'Mahasiswa', 61, 45),
(1279, 3, 'Mahasiswa', 61, 46),
(1280, 2, 'Mahasiswa', 61, 47),
(1281, 2, 'Mahasiswa', 61, 48),
(1282, 2, 'Mahasiswa', 62, 28),
(1283, 2, 'Mahasiswa', 62, 29),
(1284, 2, 'Mahasiswa', 62, 30),
(1285, 2, 'Mahasiswa', 62, 31),
(1286, 2, 'Mahasiswa', 62, 32),
(1287, 2, 'Mahasiswa', 62, 33),
(1288, 2, 'Mahasiswa', 62, 34),
(1289, 2, 'Mahasiswa', 62, 35),
(1290, 2, 'Mahasiswa', 62, 36),
(1291, 2, 'Mahasiswa', 62, 37),
(1292, 2, 'Mahasiswa', 62, 38),
(1293, 2, 'Mahasiswa', 62, 39),
(1294, 2, 'Mahasiswa', 62, 40),
(1295, 2, 'Mahasiswa', 62, 41),
(1296, 2, 'Mahasiswa', 62, 42),
(1297, 2, 'Mahasiswa', 62, 43),
(1298, 3, 'Mahasiswa', 62, 44),
(1299, 2, 'Mahasiswa', 62, 45),
(1300, 2, 'Mahasiswa', 62, 46),
(1301, 2, 'Mahasiswa', 62, 47),
(1302, 2, 'Mahasiswa', 62, 48),
(1303, 4, 'Mahasiswa', 63, 28),
(1304, 3, 'Mahasiswa', 63, 29),
(1305, 3, 'Mahasiswa', 63, 30),
(1306, 4, 'Mahasiswa', 63, 31),
(1307, 4, 'Mahasiswa', 63, 32),
(1308, 4, 'Mahasiswa', 63, 33),
(1309, 4, 'Mahasiswa', 63, 34),
(1310, 4, 'Mahasiswa', 63, 35),
(1311, 1, 'Mahasiswa', 63, 36),
(1312, 1, 'Mahasiswa', 63, 37),
(1313, 3, 'Mahasiswa', 63, 38),
(1314, 3, 'Mahasiswa', 63, 39),
(1315, 3, 'Mahasiswa', 63, 40),
(1316, 4, 'Mahasiswa', 63, 41),
(1317, 1, 'Mahasiswa', 63, 42),
(1318, 2, 'Mahasiswa', 63, 43),
(1319, 2, 'Mahasiswa', 63, 44),
(1320, 2, 'Mahasiswa', 63, 45),
(1321, 2, 'Mahasiswa', 63, 46),
(1322, 2, 'Mahasiswa', 63, 47),
(1323, 2, 'Mahasiswa', 63, 48),
(1324, 3, 'Mahasiswa', 64, 28),
(1325, 3, 'Mahasiswa', 64, 29),
(1326, 3, 'Mahasiswa', 64, 30),
(1327, 3, 'Mahasiswa', 64, 31),
(1328, 3, 'Mahasiswa', 64, 32),
(1329, 3, 'Mahasiswa', 64, 33),
(1330, 3, 'Mahasiswa', 64, 34),
(1331, 3, 'Mahasiswa', 64, 35),
(1332, 3, 'Mahasiswa', 64, 36),
(1333, 3, 'Mahasiswa', 64, 37),
(1334, 3, 'Mahasiswa', 64, 38),
(1335, 3, 'Mahasiswa', 64, 39),
(1336, 3, 'Mahasiswa', 64, 40),
(1337, 3, 'Mahasiswa', 64, 41),
(1338, 3, 'Mahasiswa', 64, 42),
(1339, 2, 'Mahasiswa', 64, 43),
(1340, 2, 'Mahasiswa', 64, 44),
(1341, 3, 'Mahasiswa', 64, 45),
(1342, 2, 'Mahasiswa', 64, 46),
(1343, 2, 'Mahasiswa', 64, 47),
(1344, 3, 'Mahasiswa', 64, 48),
(1345, 4, 'Mahasiswa', 65, 28),
(1346, 4, 'Mahasiswa', 65, 29),
(1347, 4, 'Mahasiswa', 65, 30),
(1348, 4, 'Mahasiswa', 65, 31),
(1349, 4, 'Mahasiswa', 65, 32),
(1350, 3, 'Mahasiswa', 65, 33),
(1351, 4, 'Mahasiswa', 65, 34),
(1352, 4, 'Mahasiswa', 65, 35),
(1353, 4, 'Mahasiswa', 65, 36),
(1354, 4, 'Mahasiswa', 65, 37),
(1355, 4, 'Mahasiswa', 65, 38),
(1356, 4, 'Mahasiswa', 65, 39),
(1357, 4, 'Mahasiswa', 65, 40),
(1358, 4, 'Mahasiswa', 65, 41),
(1359, 4, 'Mahasiswa', 65, 42),
(1360, 1, 'Mahasiswa', 65, 43),
(1361, 1, 'Mahasiswa', 65, 44),
(1362, 1, 'Mahasiswa', 65, 45),
(1363, 1, 'Mahasiswa', 65, 46),
(1364, 1, 'Mahasiswa', 65, 47),
(1365, 4, 'Mahasiswa', 65, 48),
(1366, 1, 'Mahasiswa', 66, 28),
(1367, 3, 'Mahasiswa', 66, 29),
(1368, 2, 'Mahasiswa', 66, 30),
(1369, 4, 'Mahasiswa', 66, 31),
(1370, 4, 'Mahasiswa', 66, 32),
(1371, 4, 'Mahasiswa', 66, 33),
(1372, 2, 'Mahasiswa', 66, 34),
(1373, 4, 'Mahasiswa', 66, 35),
(1374, 3, 'Mahasiswa', 66, 36),
(1375, 4, 'Mahasiswa', 66, 37),
(1376, 4, 'Mahasiswa', 66, 38),
(1377, 4, 'Mahasiswa', 66, 39),
(1378, 4, 'Mahasiswa', 66, 40),
(1379, 4, 'Mahasiswa', 66, 41),
(1380, 4, 'Mahasiswa', 66, 42),
(1381, 3, 'Mahasiswa', 66, 43),
(1382, 3, 'Mahasiswa', 66, 44),
(1383, 3, 'Mahasiswa', 66, 45),
(1384, 3, 'Mahasiswa', 66, 46),
(1385, 3, 'Mahasiswa', 66, 47),
(1386, 3, 'Mahasiswa', 66, 48),
(1387, 3, 'Mahasiswa', 67, 28),
(1388, 3, 'Mahasiswa', 67, 29),
(1389, 3, 'Mahasiswa', 67, 30),
(1390, 3, 'Mahasiswa', 67, 31),
(1391, 3, 'Mahasiswa', 67, 32),
(1392, 3, 'Mahasiswa', 67, 33),
(1393, 3, 'Mahasiswa', 67, 34),
(1394, 3, 'Mahasiswa', 67, 35),
(1395, 3, 'Mahasiswa', 67, 36),
(1396, 3, 'Mahasiswa', 67, 37),
(1397, 3, 'Mahasiswa', 67, 38),
(1398, 3, 'Mahasiswa', 67, 39),
(1399, 3, 'Mahasiswa', 67, 40),
(1400, 3, 'Mahasiswa', 67, 41),
(1401, 3, 'Mahasiswa', 67, 42),
(1402, 3, 'Mahasiswa', 67, 43),
(1403, 3, 'Mahasiswa', 67, 44),
(1404, 3, 'Mahasiswa', 67, 45),
(1405, 3, 'Mahasiswa', 67, 46),
(1406, 3, 'Mahasiswa', 67, 47),
(1407, 3, 'Mahasiswa', 67, 48),
(1408, 4, 'Mahasiswa', 68, 28),
(1409, 4, 'Mahasiswa', 68, 29),
(1410, 2, 'Mahasiswa', 68, 30),
(1411, 4, 'Mahasiswa', 68, 31),
(1412, 4, 'Mahasiswa', 68, 32),
(1413, 4, 'Mahasiswa', 68, 33),
(1414, 4, 'Mahasiswa', 68, 34),
(1415, 4, 'Mahasiswa', 68, 35),
(1416, 4, 'Mahasiswa', 68, 36),
(1417, 4, 'Mahasiswa', 68, 37),
(1418, 4, 'Mahasiswa', 68, 38),
(1419, 4, 'Mahasiswa', 68, 39),
(1420, 4, 'Mahasiswa', 68, 40),
(1421, 4, 'Mahasiswa', 68, 41),
(1422, 4, 'Mahasiswa', 68, 42),
(1423, 3, 'Mahasiswa', 68, 43),
(1424, 3, 'Mahasiswa', 68, 44),
(1425, 3, 'Mahasiswa', 68, 45),
(1426, 3, 'Mahasiswa', 68, 46),
(1427, 3, 'Mahasiswa', 68, 47),
(1428, 3, 'Mahasiswa', 68, 48),
(1429, 2, 'Mahasiswa', 69, 28),
(1430, 2, 'Mahasiswa', 69, 29),
(1431, 2, 'Mahasiswa', 69, 30),
(1432, 2, 'Mahasiswa', 69, 31),
(1433, 3, 'Mahasiswa', 69, 32),
(1434, 3, 'Mahasiswa', 69, 33),
(1435, 4, 'Mahasiswa', 69, 34),
(1436, 3, 'Mahasiswa', 69, 35),
(1437, 2, 'Mahasiswa', 69, 36),
(1438, 3, 'Mahasiswa', 69, 37),
(1439, 2, 'Mahasiswa', 69, 38),
(1440, 3, 'Mahasiswa', 69, 39),
(1441, 3, 'Mahasiswa', 69, 40),
(1442, 2, 'Mahasiswa', 69, 41),
(1443, 3, 'Mahasiswa', 69, 42),
(1444, 2, 'Mahasiswa', 69, 43),
(1445, 3, 'Mahasiswa', 69, 44),
(1446, 3, 'Mahasiswa', 69, 45),
(1447, 3, 'Mahasiswa', 69, 46),
(1448, 3, 'Mahasiswa', 69, 47),
(1449, 3, 'Mahasiswa', 69, 48),
(1450, 3, 'Mahasiswa', 70, 28),
(1451, 4, 'Mahasiswa', 70, 29),
(1452, 4, 'Mahasiswa', 70, 30),
(1453, 4, 'Mahasiswa', 70, 31),
(1454, 4, 'Mahasiswa', 70, 32),
(1455, 4, 'Mahasiswa', 70, 33),
(1456, 3, 'Mahasiswa', 70, 34),
(1457, 3, 'Mahasiswa', 70, 35),
(1458, 1, 'Mahasiswa', 70, 36),
(1459, 3, 'Mahasiswa', 70, 37),
(1460, 4, 'Mahasiswa', 70, 38),
(1461, 3, 'Mahasiswa', 70, 39),
(1462, 3, 'Mahasiswa', 70, 40),
(1463, 4, 'Mahasiswa', 70, 41),
(1464, 4, 'Mahasiswa', 70, 42),
(1465, 3, 'Mahasiswa', 70, 43),
(1466, 3, 'Mahasiswa', 70, 44),
(1467, 3, 'Mahasiswa', 70, 45),
(1468, 3, 'Mahasiswa', 70, 46),
(1469, 3, 'Mahasiswa', 70, 47),
(1470, 3, 'Mahasiswa', 70, 48),
(1471, 3, 'Mahasiswa', 71, 28),
(1472, 3, 'Mahasiswa', 71, 29),
(1473, 3, 'Mahasiswa', 71, 30),
(1474, 3, 'Mahasiswa', 71, 31),
(1475, 3, 'Mahasiswa', 71, 32),
(1476, 3, 'Mahasiswa', 71, 33),
(1477, 3, 'Mahasiswa', 71, 34),
(1478, 3, 'Mahasiswa', 71, 35),
(1479, 3, 'Mahasiswa', 71, 36),
(1480, 3, 'Mahasiswa', 71, 37),
(1481, 3, 'Mahasiswa', 71, 38),
(1482, 3, 'Mahasiswa', 71, 39),
(1483, 3, 'Mahasiswa', 71, 40),
(1484, 3, 'Mahasiswa', 71, 41),
(1485, 3, 'Mahasiswa', 71, 42),
(1486, 3, 'Mahasiswa', 71, 43),
(1487, 3, 'Mahasiswa', 71, 44),
(1488, 3, 'Mahasiswa', 71, 45),
(1489, 3, 'Mahasiswa', 71, 46),
(1490, 3, 'Mahasiswa', 71, 47),
(1491, 3, 'Mahasiswa', 71, 48),
(1492, 2, 'Mahasiswa', 72, 28),
(1493, 2, 'Mahasiswa', 72, 29),
(1494, 2, 'Mahasiswa', 72, 30),
(1495, 2, 'Mahasiswa', 72, 31),
(1496, 2, 'Mahasiswa', 72, 32),
(1497, 2, 'Mahasiswa', 72, 33),
(1498, 2, 'Mahasiswa', 72, 34),
(1499, 2, 'Mahasiswa', 72, 35),
(1500, 2, 'Mahasiswa', 72, 36),
(1501, 2, 'Mahasiswa', 72, 37),
(1502, 2, 'Mahasiswa', 72, 38),
(1503, 2, 'Mahasiswa', 72, 39),
(1504, 2, 'Mahasiswa', 72, 40),
(1505, 2, 'Mahasiswa', 72, 41),
(1506, 2, 'Mahasiswa', 72, 42),
(1507, 3, 'Mahasiswa', 72, 43),
(1508, 3, 'Mahasiswa', 72, 44),
(1509, 3, 'Mahasiswa', 72, 45),
(1510, 3, 'Mahasiswa', 72, 46),
(1511, 3, 'Mahasiswa', 72, 47),
(1512, 3, 'Mahasiswa', 72, 48),
(1513, 3, 'Mahasiswa', 73, 28),
(1514, 3, 'Mahasiswa', 73, 29),
(1515, 4, 'Mahasiswa', 73, 30),
(1516, 4, 'Mahasiswa', 73, 31),
(1517, 4, 'Mahasiswa', 73, 32),
(1518, 2, 'Mahasiswa', 73, 33),
(1519, 4, 'Mahasiswa', 73, 34),
(1520, 4, 'Mahasiswa', 73, 35),
(1521, 4, 'Mahasiswa', 73, 36),
(1522, 4, 'Mahasiswa', 73, 37),
(1523, 4, 'Mahasiswa', 73, 38),
(1524, 4, 'Mahasiswa', 73, 39),
(1525, 4, 'Mahasiswa', 73, 40),
(1526, 4, 'Mahasiswa', 73, 41),
(1527, 4, 'Mahasiswa', 73, 42),
(1528, 2, 'Mahasiswa', 73, 43),
(1529, 4, 'Mahasiswa', 73, 44),
(1530, 3, 'Mahasiswa', 73, 45),
(1531, 2, 'Mahasiswa', 73, 46),
(1532, 2, 'Mahasiswa', 73, 47),
(1533, 3, 'Mahasiswa', 73, 48),
(1534, 4, 'Mahasiswa', 74, 28),
(1535, 4, 'Mahasiswa', 74, 29),
(1536, 4, 'Mahasiswa', 74, 30),
(1537, 4, 'Mahasiswa', 74, 31),
(1538, 4, 'Mahasiswa', 74, 32),
(1539, 4, 'Mahasiswa', 74, 33),
(1540, 3, 'Mahasiswa', 74, 34),
(1541, 4, 'Mahasiswa', 74, 35),
(1542, 4, 'Mahasiswa', 74, 36),
(1543, 4, 'Mahasiswa', 74, 37),
(1544, 4, 'Mahasiswa', 74, 38),
(1545, 4, 'Mahasiswa', 74, 39),
(1546, 4, 'Mahasiswa', 74, 40),
(1547, 4, 'Mahasiswa', 74, 41),
(1548, 4, 'Mahasiswa', 74, 42),
(1549, 3, 'Mahasiswa', 74, 43),
(1550, 4, 'Mahasiswa', 74, 44),
(1551, 3, 'Mahasiswa', 74, 45),
(1552, 3, 'Mahasiswa', 74, 46),
(1553, 3, 'Mahasiswa', 74, 47),
(1554, 2, 'Mahasiswa', 74, 48),
(1555, 3, 'Mahasiswa', 75, 28),
(1556, 3, 'Mahasiswa', 75, 29),
(1557, 3, 'Mahasiswa', 75, 30),
(1558, 3, 'Mahasiswa', 75, 31),
(1559, 3, 'Mahasiswa', 75, 32),
(1560, 3, 'Mahasiswa', 75, 33),
(1561, 3, 'Mahasiswa', 75, 34),
(1562, 3, 'Mahasiswa', 75, 35),
(1563, 3, 'Mahasiswa', 75, 36),
(1564, 3, 'Mahasiswa', 75, 37),
(1565, 3, 'Mahasiswa', 75, 38),
(1566, 3, 'Mahasiswa', 75, 39),
(1567, 3, 'Mahasiswa', 75, 40),
(1568, 3, 'Mahasiswa', 75, 41),
(1569, 3, 'Mahasiswa', 75, 42),
(1570, 1, 'Mahasiswa', 75, 43),
(1571, 1, 'Mahasiswa', 75, 44),
(1572, 3, 'Mahasiswa', 75, 45),
(1573, 3, 'Mahasiswa', 75, 46),
(1574, 3, 'Mahasiswa', 75, 47),
(1575, 2, 'Mahasiswa', 75, 48),
(1576, 4, 'Mahasiswa', 76, 28),
(1577, 4, 'Mahasiswa', 76, 29),
(1578, 4, 'Mahasiswa', 76, 30),
(1579, 4, 'Mahasiswa', 76, 31),
(1580, 4, 'Mahasiswa', 76, 32),
(1581, 4, 'Mahasiswa', 76, 33),
(1582, 2, 'Mahasiswa', 76, 34),
(1583, 2, 'Mahasiswa', 76, 35),
(1584, 2, 'Mahasiswa', 76, 36),
(1585, 2, 'Mahasiswa', 76, 37),
(1586, 2, 'Mahasiswa', 76, 38),
(1587, 2, 'Mahasiswa', 76, 39),
(1588, 2, 'Mahasiswa', 76, 40),
(1589, 2, 'Mahasiswa', 76, 41),
(1590, 2, 'Mahasiswa', 76, 42),
(1591, 4, 'Mahasiswa', 76, 43),
(1592, 3, 'Mahasiswa', 76, 44),
(1593, 2, 'Mahasiswa', 76, 45),
(1594, 3, 'Mahasiswa', 76, 46),
(1595, 4, 'Mahasiswa', 76, 47),
(1596, 2, 'Mahasiswa', 76, 48),
(1597, 4, 'Mahasiswa', 77, 28),
(1598, 3, 'Mahasiswa', 77, 29),
(1599, 3, 'Mahasiswa', 77, 30),
(1600, 3, 'Mahasiswa', 77, 31),
(1601, 3, 'Mahasiswa', 77, 32),
(1602, 3, 'Mahasiswa', 77, 33),
(1603, 2, 'Mahasiswa', 77, 34),
(1604, 3, 'Mahasiswa', 77, 35),
(1605, 2, 'Mahasiswa', 77, 36),
(1606, 4, 'Mahasiswa', 77, 37),
(1607, 3, 'Mahasiswa', 77, 38),
(1608, 4, 'Mahasiswa', 77, 39),
(1609, 3, 'Mahasiswa', 77, 40),
(1610, 3, 'Mahasiswa', 77, 41),
(1611, 3, 'Mahasiswa', 77, 42),
(1612, 2, 'Mahasiswa', 77, 43),
(1613, 3, 'Mahasiswa', 77, 44),
(1614, 3, 'Mahasiswa', 77, 45),
(1615, 3, 'Mahasiswa', 77, 46),
(1616, 3, 'Mahasiswa', 77, 47),
(1617, 3, 'Mahasiswa', 77, 48),
(1618, 3, 'Mahasiswa', 78, 28),
(1619, 3, 'Mahasiswa', 78, 29),
(1620, 3, 'Mahasiswa', 78, 30),
(1621, 3, 'Mahasiswa', 78, 31),
(1622, 3, 'Mahasiswa', 78, 32),
(1623, 3, 'Mahasiswa', 78, 33),
(1624, 3, 'Mahasiswa', 78, 34),
(1625, 3, 'Mahasiswa', 78, 35),
(1626, 3, 'Mahasiswa', 78, 36),
(1627, 4, 'Mahasiswa', 78, 37),
(1628, 4, 'Mahasiswa', 78, 38),
(1629, 4, 'Mahasiswa', 78, 39),
(1630, 4, 'Mahasiswa', 78, 40),
(1631, 3, 'Mahasiswa', 78, 41),
(1632, 3, 'Mahasiswa', 78, 42),
(1633, 3, 'Mahasiswa', 78, 43),
(1634, 4, 'Mahasiswa', 78, 44),
(1635, 2, 'Mahasiswa', 78, 45),
(1636, 2, 'Mahasiswa', 78, 46),
(1637, 2, 'Mahasiswa', 78, 47),
(1638, 4, 'Mahasiswa', 78, 48),
(1639, 2, 'Mahasiswa', 79, 28),
(1640, 2, 'Mahasiswa', 79, 29),
(1641, 2, 'Mahasiswa', 79, 30),
(1642, 2, 'Mahasiswa', 79, 31),
(1643, 2, 'Mahasiswa', 79, 32),
(1644, 2, 'Mahasiswa', 79, 33),
(1645, 2, 'Mahasiswa', 79, 34),
(1646, 2, 'Mahasiswa', 79, 35),
(1647, 2, 'Mahasiswa', 79, 36),
(1648, 2, 'Mahasiswa', 79, 37),
(1649, 2, 'Mahasiswa', 79, 38),
(1650, 2, 'Mahasiswa', 79, 39),
(1651, 2, 'Mahasiswa', 79, 40),
(1652, 2, 'Mahasiswa', 79, 41),
(1653, 2, 'Mahasiswa', 79, 42),
(1654, 2, 'Mahasiswa', 79, 43),
(1655, 2, 'Mahasiswa', 79, 44),
(1656, 2, 'Mahasiswa', 79, 45),
(1657, 2, 'Mahasiswa', 79, 46),
(1658, 2, 'Mahasiswa', 79, 47),
(1659, 2, 'Mahasiswa', 79, 48),
(1660, 4, 'Mahasiswa', 80, 28),
(1661, 4, 'Mahasiswa', 80, 29),
(1662, 4, 'Mahasiswa', 80, 30),
(1663, 4, 'Mahasiswa', 80, 31),
(1664, 4, 'Mahasiswa', 80, 32),
(1665, 4, 'Mahasiswa', 80, 33),
(1666, 4, 'Mahasiswa', 80, 34),
(1667, 4, 'Mahasiswa', 80, 35),
(1668, 4, 'Mahasiswa', 80, 36),
(1669, 4, 'Mahasiswa', 80, 37),
(1670, 4, 'Mahasiswa', 80, 38),
(1671, 4, 'Mahasiswa', 80, 39),
(1672, 4, 'Mahasiswa', 80, 40),
(1673, 4, 'Mahasiswa', 80, 41),
(1674, 4, 'Mahasiswa', 80, 42),
(1675, 3, 'Mahasiswa', 80, 43),
(1676, 4, 'Mahasiswa', 80, 44),
(1677, 3, 'Mahasiswa', 80, 45),
(1678, 3, 'Mahasiswa', 80, 46),
(1679, 3, 'Mahasiswa', 80, 47),
(1680, 3, 'Mahasiswa', 80, 48),
(1681, 4, 'Mahasiswa', 81, 28),
(1682, 4, 'Mahasiswa', 81, 29),
(1683, 3, 'Mahasiswa', 81, 30),
(1684, 3, 'Mahasiswa', 81, 31),
(1685, 3, 'Mahasiswa', 81, 32),
(1686, 3, 'Mahasiswa', 81, 33),
(1687, 3, 'Mahasiswa', 81, 34),
(1688, 4, 'Mahasiswa', 81, 35),
(1689, 1, 'Mahasiswa', 81, 36),
(1690, 4, 'Mahasiswa', 81, 37),
(1691, 3, 'Mahasiswa', 81, 38),
(1692, 3, 'Mahasiswa', 81, 39),
(1693, 4, 'Mahasiswa', 81, 40),
(1694, 4, 'Mahasiswa', 81, 41),
(1695, 4, 'Mahasiswa', 81, 42),
(1696, 3, 'Mahasiswa', 81, 43),
(1697, 3, 'Mahasiswa', 81, 44),
(1698, 3, 'Mahasiswa', 81, 45),
(1699, 3, 'Mahasiswa', 81, 46),
(1700, 3, 'Mahasiswa', 81, 47),
(1701, 3, 'Mahasiswa', 81, 48),
(1702, 3, 'Mahasiswa', 82, 28),
(1703, 4, 'Mahasiswa', 82, 29),
(1704, 4, 'Mahasiswa', 82, 30),
(1705, 3, 'Mahasiswa', 82, 31),
(1706, 4, 'Mahasiswa', 82, 32);
INSERT INTO `evaluasimhs` (`id_evaluasimhs`, `jawaban`, `pengguna`, `id_penilaian`, `id_kriteria`) VALUES
(1707, 4, 'Mahasiswa', 82, 33),
(1708, 3, 'Mahasiswa', 82, 34),
(1709, 4, 'Mahasiswa', 82, 35),
(1710, 3, 'Mahasiswa', 82, 36),
(1711, 4, 'Mahasiswa', 82, 37),
(1712, 4, 'Mahasiswa', 82, 38),
(1713, 4, 'Mahasiswa', 82, 39),
(1714, 4, 'Mahasiswa', 82, 40),
(1715, 4, 'Mahasiswa', 82, 41),
(1716, 4, 'Mahasiswa', 82, 42),
(1717, 4, 'Mahasiswa', 82, 43),
(1718, 3, 'Mahasiswa', 82, 44),
(1719, 3, 'Mahasiswa', 82, 45),
(1720, 3, 'Mahasiswa', 82, 46),
(1721, 3, 'Mahasiswa', 82, 47),
(1722, 3, 'Mahasiswa', 82, 48),
(1723, 3, 'Mahasiswa', 83, 28),
(1724, 3, 'Mahasiswa', 83, 29),
(1725, 3, 'Mahasiswa', 83, 30),
(1726, 3, 'Mahasiswa', 83, 31),
(1727, 3, 'Mahasiswa', 83, 32),
(1728, 3, 'Mahasiswa', 83, 33),
(1729, 3, 'Mahasiswa', 83, 34),
(1730, 3, 'Mahasiswa', 83, 35),
(1731, 3, 'Mahasiswa', 83, 36),
(1732, 3, 'Mahasiswa', 83, 37),
(1733, 3, 'Mahasiswa', 83, 38),
(1734, 3, 'Mahasiswa', 83, 39),
(1735, 3, 'Mahasiswa', 83, 40),
(1736, 3, 'Mahasiswa', 83, 41),
(1737, 3, 'Mahasiswa', 83, 42),
(1738, 3, 'Mahasiswa', 83, 43),
(1739, 3, 'Mahasiswa', 83, 44),
(1740, 3, 'Mahasiswa', 83, 45),
(1741, 3, 'Mahasiswa', 83, 46),
(1742, 3, 'Mahasiswa', 83, 47),
(1743, 3, 'Mahasiswa', 83, 48),
(1942, 1, 'Mahasiswa', 91, 28),
(1943, 2, 'Mahasiswa', 91, 29),
(1944, 3, 'Mahasiswa', 91, 30),
(1945, 2, 'Mahasiswa', 91, 31),
(1946, 3, 'Mahasiswa', 91, 32),
(1947, 4, 'Mahasiswa', 91, 33),
(1948, 3, 'Mahasiswa', 91, 34),
(1949, 2, 'Mahasiswa', 91, 35),
(1950, 2, 'Mahasiswa', 91, 36),
(1951, 2, 'Mahasiswa', 91, 37),
(1952, 1, 'Mahasiswa', 91, 38),
(1953, 2, 'Mahasiswa', 91, 39),
(1954, 3, 'Mahasiswa', 91, 40),
(1955, 3, 'Mahasiswa', 91, 41),
(1956, 3, 'Mahasiswa', 91, 42),
(1957, 2, 'Mahasiswa', 91, 43),
(1958, 3, 'Mahasiswa', 91, 44),
(1959, 3, 'Mahasiswa', 91, 45),
(1960, 3, 'Mahasiswa', 91, 46),
(1961, 2, 'Mahasiswa', 91, 47),
(1962, 1, 'Mahasiswa', 91, 48),
(1979, 4, 'Mahasiswa', 92, 28),
(1980, 3, 'Mahasiswa', 92, 29),
(1981, 2, 'Mahasiswa', 92, 30),
(1982, 3, 'Mahasiswa', 92, 31),
(1983, 2, 'Mahasiswa', 92, 32),
(1984, 1, 'Mahasiswa', 92, 33),
(1985, 1, 'Mahasiswa', 92, 34),
(1986, 1, 'Mahasiswa', 92, 35),
(1987, 2, 'Mahasiswa', 92, 36),
(1988, 3, 'Mahasiswa', 92, 37),
(1989, 4, 'Mahasiswa', 92, 38),
(1990, 3, 'Mahasiswa', 92, 39),
(1991, 3, 'Mahasiswa', 92, 40),
(1992, 2, 'Mahasiswa', 92, 41),
(1993, 3, 'Mahasiswa', 92, 42),
(1994, 2, 'Mahasiswa', 92, 43),
(1995, 3, 'Mahasiswa', 92, 44),
(1996, 3, 'Mahasiswa', 92, 45),
(1997, 2, 'Mahasiswa', 92, 46),
(1998, 2, 'Mahasiswa', 92, 47),
(1999, 3, 'Mahasiswa', 92, 48),
(2000, 4, 'Mahasiswa', 93, 28),
(2001, 4, 'Mahasiswa', 93, 29),
(2002, 3, 'Mahasiswa', 93, 30),
(2003, 2, 'Mahasiswa', 93, 31),
(2004, 1, 'Mahasiswa', 93, 32),
(2005, 1, 'Mahasiswa', 93, 33),
(2006, 2, 'Mahasiswa', 93, 34),
(2007, 2, 'Mahasiswa', 93, 35),
(2008, 2, 'Mahasiswa', 93, 36),
(2009, 3, 'Mahasiswa', 93, 37),
(2010, 3, 'Mahasiswa', 93, 38),
(2011, 4, 'Mahasiswa', 93, 39),
(2012, 4, 'Mahasiswa', 93, 40),
(2013, 3, 'Mahasiswa', 93, 41),
(2014, 2, 'Mahasiswa', 93, 42),
(2015, 1, 'Mahasiswa', 93, 43),
(2016, 1, 'Mahasiswa', 93, 44),
(2017, 1, 'Mahasiswa', 93, 45),
(2018, 2, 'Mahasiswa', 93, 46),
(2019, 2, 'Mahasiswa', 93, 47),
(2020, 2, 'Mahasiswa', 93, 48);

-- --------------------------------------------------------

--
-- Table structure for table `evaluasiupm`
--

CREATE TABLE `evaluasiupm` (
  `id` int NOT NULL,
  `tanggal_penilaian` date DEFAULT NULL,
  `perkuliahan_id` bigint UNSIGNED DEFAULT NULL,
  `tahun_ajaran` varchar(10) CHARACTER SET utf8mb4 COLLATE utf8mb4_general_ci DEFAULT NULL,
  `tahun_ajaran_id` int NOT NULL,
  `created_at` timestamp NULL DEFAULT CURRENT_TIMESTAMP,
  `updated_at` timestamp NULL DEFAULT CURRENT_TIMESTAMP
) ENGINE=InnoDB DEFAULT CHARSET=utf8mb4 COLLATE=utf8mb4_general_ci ROW_FORMAT=DYNAMIC;

--
-- Dumping data for table `evaluasiupm`
--

INSERT INTO `evaluasiupm` (`id`, `tanggal_penilaian`, `perkuliahan_id`, `tahun_ajaran`, `tahun_ajaran_id`, `created_at`, `updated_at`) VALUES
(21, '2024-08-07', 64, NULL, 8, '2024-08-06 06:48:41', '2024-08-06 17:39:41');

-- --------------------------------------------------------

--
-- Table structure for table `evaluasiupm_detail`
--

CREATE TABLE `evaluasiupm_detail` (
  `id` int NOT NULL,
  `evaluasi_id` int NOT NULL,
  `jawaban` text CHARACTER SET utf8mb4 COLLATE utf8mb4_general_ci,
  `kriteria_id` int NOT NULL,
  `kategori` enum('1_3','4_6','7_9','10_12','13_15') CHARACTER SET utf8mb4 COLLATE utf8mb4_general_ci DEFAULT NULL,
  `created_at` timestamp NULL DEFAULT CURRENT_TIMESTAMP
) ENGINE=InnoDB DEFAULT CHARSET=utf8mb4 COLLATE=utf8mb4_general_ci;

--
-- Dumping data for table `evaluasiupm_detail`
--

INSERT INTO `evaluasiupm_detail` (`id`, `evaluasi_id`, `jawaban`, `kriteria_id`, `kategori`, `created_at`) VALUES
(1, 21, '0', 58, '1_3', '2024-08-06 06:53:19'),
(2, 21, '1', 59, '1_3', '2024-08-06 06:53:19'),
(3, 21, '4', 60, '1_3', '2024-08-06 06:53:19'),
(4, 21, '6', 77, '1_3', '2024-08-06 06:53:19'),
(5, 21, '0', 58, '4_6', '2024-08-06 06:53:03'),
(6, 21, '6', 59, '4_6', '2024-08-06 06:53:03'),
(7, 21, '5', 60, '4_6', '2024-08-06 06:53:03'),
(8, 21, '4', 77, '4_6', '2024-08-06 06:53:03'),
(9, 21, '6', 58, '7_9', '2024-08-06 17:39:01'),
(10, 21, '5', 59, '7_9', '2024-08-06 17:39:01'),
(11, 21, '4', 60, '7_9', '2024-08-06 17:39:01'),
(12, 21, '3', 77, '7_9', '2024-08-06 17:39:01'),
(13, 21, '6', 58, '10_12', '2024-08-06 17:39:41'),
(14, 21, '5', 59, '10_12', '2024-08-06 17:39:41'),
(15, 21, '1', 60, '10_12', '2024-08-06 17:39:41'),
(16, 21, '3', 77, '10_12', '2024-08-06 17:39:41'),
(17, 21, '6', 58, '13_15', '2024-08-06 17:39:27'),
(18, 21, '5', 59, '13_15', '2024-08-06 17:39:27'),
(19, 21, '3', 60, '13_15', '2024-08-06 17:39:27'),
(20, 21, '1', 77, '13_15', '2024-08-06 17:39:27');

-- --------------------------------------------------------

--
-- Table structure for table `kriteria`
--

CREATE TABLE `kriteria` (
  `id` int NOT NULL,
  `kode` varchar(5) CHARACTER SET utf8mb3 COLLATE utf8mb3_general_ci NOT NULL,
  `kriteria` varchar(225) CHARACTER SET utf8mb3 COLLATE utf8mb3_general_ci NOT NULL,
  `bobot` int NOT NULL,
  `desimal` varchar(4) CHARACTER SET utf8mb3 COLLATE utf8mb3_general_ci NOT NULL,
  `status` varchar(10) CHARACTER SET utf8mb3 COLLATE utf8mb3_general_ci NOT NULL,
  `pengguna` enum('Mahasiswa','Admin') CHARACTER SET utf8mb3 COLLATE utf8mb3_general_ci DEFAULT 'Mahasiswa',
  `created_at` timestamp NULL DEFAULT NULL,
  `updated_at` timestamp NULL DEFAULT NULL
) ENGINE=InnoDB DEFAULT CHARSET=utf8mb3 ROW_FORMAT=DYNAMIC;

--
-- Dumping data for table `kriteria`
--

INSERT INTO `kriteria` (`id`, `kode`, `kriteria`, `bobot`, `desimal`, `status`, `pengguna`, `created_at`, `updated_at`) VALUES
(28, 'C1', 'Rencana Pembelajaran Semester (RPS)/ Silabus, materi perkuliahan dan alat bantu pembelajaran', 3, '0.03', 'Benefit', 'Mahasiswa', '2023-05-21 16:13:33', '2024-07-17 20:07:59'),
(29, 'C2', 'Bagaimana penyampaian RPS oleh Dosen', 4, '0.04', 'Benefit', 'Mahasiswa', '2023-05-21 16:14:15', '2023-05-21 16:14:15'),
(30, 'C3', 'Dosen menetapkan atau menginformasikan tata tertib dan ketentuan akademis', 3, '0.03', 'Benefit', 'Mahasiswa', '2023-05-21 16:46:31', '2023-05-21 20:18:21'),
(31, 'C4', 'Dosen menyiapkan atau membawa berita acara atau jurnal perkuliahan', 3, '0.03', 'Benefit', 'Mahasiswa', '2023-05-21 20:19:06', '2023-05-21 20:19:06'),
(32, 'C5', 'Kuliah dilengkapi dengan bahan ajar dalam setiap pertemuan', 4, '0.04', 'Benefit', 'Mahasiswa', '2023-05-21 20:19:40', '2023-05-21 20:19:40'),
(33, 'C6', 'Kuliah dilengkapi dengan bahan ajar dalam setiap pertemuan', 4, '0.04', 'Benefit', 'Mahasiswa', '2023-05-21 20:20:09', '2023-05-21 20:20:09'),
(34, 'C7', 'Dosen melaksanakan perkuliahan tepat waktu', 4, '0.04', 'Benefit', 'Mahasiswa', '2023-05-21 20:20:29', '2023-05-21 20:20:29'),
(35, 'C8', 'Penyampaian Dosen dalam perkuliahan offline', 3, '0.03', 'Benefit', 'Mahasiswa', '2023-05-21 20:20:52', '2023-05-21 20:20:52'),
(36, 'C9', 'Penyampaian Dosen dalam perkuliahan online', 3, '0.03', 'Benefit', 'Mahasiswa', '2023-05-21 20:21:16', '2023-05-21 20:21:16'),
(37, 'C10', 'Penguasaan materi kuliah oleh dosen pada saat mengajar', 3, '0.03', 'Benefit', 'Mahasiswa', '2023-05-21 20:21:46', '2023-05-21 20:21:46'),
(38, 'C11', 'Kemampuan dosen dalam menciptakan suasana kelas yang kondusif', 4, '0.04', 'Benefit', 'Mahasiswa', '2023-05-21 20:22:30', '2023-05-21 20:22:30'),
(39, 'C12', 'Dosen mendistribusikan materi perkuliahan', 3, '0.03', 'Benefit', 'Mahasiswa', '2023-05-21 20:23:00', '2023-05-21 20:23:00'),
(40, 'C13', 'Interaksi dosen terhadap mahasiswa', 4, '0.04', 'Benefit', 'Mahasiswa', '2023-05-21 20:23:35', '2023-05-21 20:23:35'),
(41, 'C14', 'Kualitas Dosen dalam melaksanakan perkuliahan', 4, '0.04', 'Benefit', 'Mahasiswa', '2023-05-21 20:24:03', '2023-05-21 20:28:53'),
(42, 'C15', 'Pemberian tugas sesuai dengan materi yang diberikan', 5, '0.05', 'Benefit', 'Mahasiswa', '2023-05-21 20:24:48', '2023-05-21 20:28:39'),
(43, 'C16', 'Dosen melaksanakan UTS/UAS sesuai dengan waktu yang telah ditetapkan/kalender akademik', 5, '0.05', 'Benefit', 'Mahasiswa', '2023-05-21 20:25:35', '2023-05-21 20:30:04'),
(44, 'C17', 'Obyektifitas dalam memberikan nilai kepada mahasiswa', 5, '0.05', 'Benefit', 'Mahasiswa', '2023-05-21 20:25:56', '2023-05-21 20:31:06'),
(45, 'C18', 'Transparansi dalam pemberian nilai UTS/UAS', 5, '0.05', 'Benefit', 'Mahasiswa', '2023-05-21 20:26:31', '2023-05-21 20:31:26'),
(46, 'C19', 'Kesesuaian antara materi yang diujikan dengan materi yang disampaikan', 5, '0.05', 'Benefit', 'Mahasiswa', '2023-05-21 20:26:59', '2023-05-21 20:31:54'),
(47, 'C20', 'Dosen memberikan kesempatan kepada mahasiswa untuk memperbaiki nilai', 4, '0.04', 'Benefit', 'Mahasiswa', '2023-05-21 20:27:23', '2023-05-21 20:32:26'),
(48, 'C21', 'Dosen melakukan tatap muka sekurang-kurangnya 80%', 5, '0.05', 'Benefit', 'Mahasiswa', '2023-05-21 20:32:44', '2023-05-21 20:32:44'),
(58, 'C23', 'Dosen hadir dengan pemberian tugas/projek', 3, '0.03', 'Benefit', 'Admin', NULL, '2024-07-26 23:02:56'),
(59, 'C24', 'Dosen hadir online', 4, '0.04', 'Benefit', 'Admin', NULL, '2024-07-26 23:03:46'),
(60, 'C25', 'Dosen tidak hadir (tanpa keterangan)', 5, '0.05', 'Cost', 'Admin', NULL, NULL),
(77, 'C22', 'Dosen hadir tatap muka langsung', 4, '0.04', 'Benefit', 'Admin', NULL, '2024-07-26 23:02:56');

-- --------------------------------------------------------

--
-- Table structure for table `krs`
--

CREATE TABLE `krs` (
  `id` bigint UNSIGNED NOT NULL,
  `nim` varchar(15) CHARACTER SET utf8mb4 COLLATE utf8mb4_unicode_ci DEFAULT NULL,
  `tahun_ajaran_id` bigint UNSIGNED NOT NULL,
  `semester` tinyint NOT NULL,
  `is_validated` tinyint(1) DEFAULT '0',
  `validated_by` bigint UNSIGNED DEFAULT NULL,
  `created_at` timestamp NULL DEFAULT NULL,
  `updated_at` timestamp NULL DEFAULT NULL
) ENGINE=InnoDB DEFAULT CHARSET=utf8mb4 COLLATE=utf8mb4_general_ci;

--
-- Dumping data for table `krs`
--

INSERT INTO `krs` (`id`, `nim`, `tahun_ajaran_id`, `semester`, `is_validated`, `validated_by`, `created_at`, `updated_at`) VALUES
(1, '2255201110001', 6, 3, 1, 3, '2024-07-15 15:43:16', '2024-07-15 15:52:19'),
(2, '2255201110008', 6, 3, 1, 3, '2024-07-15 15:45:21', '2024-07-15 15:52:20'),
(3, '2255201110010', 6, 3, 1, 3, '2024-07-15 15:46:00', '2024-07-15 15:52:20'),
(4, '2255201110007', 6, 3, 1, 3, '2024-07-15 15:46:40', '2024-07-15 15:52:25'),
(5, '2255201110018', 6, 3, 1, 3, '2024-07-15 15:47:51', '2024-07-15 15:52:25'),
(6, '2255201110006', 6, 3, 1, 3, '2024-07-15 15:51:34', '2024-07-15 15:52:24'),
(7, '2255201110001', 8, 4, 0, NULL, '2024-07-15 20:51:44', '2024-07-15 20:51:44'),
(8, '2255201110010', 8, 4, 1, 3, '2024-07-15 20:57:24', '2024-07-15 20:59:09'),
(9, '2255201110018', 8, 4, 1, 3, '2024-07-15 20:58:29', '2024-07-15 20:59:10'),
(10, '2155201110021', 6, 5, 1, 3, '2024-07-15 21:40:46', '2024-07-15 21:44:11'),
(11, '2255201110028', 6, 3, 1, 3, '2024-07-15 21:43:05', '2024-07-15 21:44:11'),
(12, '2255201110026', 6, 3, 1, 3, '2024-07-15 21:43:48', '2024-07-15 21:44:08'),
(13, '2255201110003', 6, 3, 1, 3, '2024-07-17 14:44:23', '2024-07-17 14:52:57'),
(14, '2255201110012', 6, 3, 1, 3, '2024-07-17 14:46:25', '2024-07-17 14:52:58'),
(15, '2255201110015', 6, 3, 1, 3, '2024-07-17 14:47:50', '2024-07-17 14:52:58'),
(16, '2255201110031', 9, 1, 1, 3, '2024-07-17 15:36:27', '2024-07-17 15:39:44'),
(17, '2255201110032', 9, 1, 1, 3, '2024-07-17 15:36:57', '2024-07-17 15:39:44'),
(18, '2255201110026', 9, 1, 1, 3, '2024-07-17 15:38:02', '2024-07-17 15:39:44'),
(19, '2255201110034', 9, 1, 1, 3, '2024-07-17 15:38:41', '2024-07-17 15:39:43'),
(20, '2255201210038', 9, 1, 1, 3, '2024-07-17 15:39:00', '2024-07-17 15:39:43'),
(21, '2155201110032', 9, 3, 1, 3, '2024-07-17 15:46:01', '2024-07-17 15:48:01'),
(22, '2155201110029', 9, 3, 1, 3, '2024-07-17 15:46:23', '2024-07-17 15:47:58'),
(23, '2155201110027', 9, 3, 1, 3, '2024-07-17 15:46:48', '2024-07-17 15:47:57'),
(24, '2155201110026', 9, 3, 1, 3, '2024-07-17 15:47:08', '2024-07-17 15:47:57'),
(25, '2155201110035', 9, 3, 1, 3, '2024-07-17 15:47:28', '2024-07-17 15:47:56'),
(26, '2055201110031', 9, 5, 1, 3, '2024-07-17 16:04:11', '2024-07-17 16:06:14'),
(27, '2055201110038', 9, 5, 1, 3, '2024-07-17 16:04:34', '2024-07-17 16:06:14'),
(28, '2055201110033', 9, 5, 1, 3, '2024-07-17 16:05:03', '2024-07-17 16:06:13'),
(29, '2055201110030', 9, 5, 1, 3, '2024-07-17 16:05:31', '2024-07-17 16:06:13'),
(30, '2055201110039', 9, 5, 1, 3, '2024-07-17 16:05:53', '2024-07-17 16:06:12'),
(31, '2155201110002', 8, 6, 0, NULL, '2024-07-27 00:53:17', '2024-07-27 00:53:17'),
(32, '2255201110002', 8, 4, 0, NULL, '2024-08-06 17:43:16', '2024-08-06 17:43:16');

-- --------------------------------------------------------

--
-- Table structure for table `krs_details`
--

CREATE TABLE `krs_details` (
  `id` bigint UNSIGNED NOT NULL,
  `krs_id` bigint UNSIGNED NOT NULL,
  `perkuliahan_id` bigint UNSIGNED NOT NULL,
  `created_at` timestamp NULL DEFAULT NULL,
  `updated_at` timestamp NULL DEFAULT NULL
) ENGINE=InnoDB DEFAULT CHARSET=utf8mb4 COLLATE=utf8mb4_general_ci;

--
-- Dumping data for table `krs_details`
--

INSERT INTO `krs_details` (`id`, `krs_id`, `perkuliahan_id`, `created_at`, `updated_at`) VALUES
(1, 1, 16, '2024-07-15 15:43:16', '2024-07-15 15:43:16'),
(2, 1, 22, '2024-07-15 15:43:16', '2024-07-15 15:43:16'),
(3, 1, 23, '2024-07-15 15:43:16', '2024-07-15 15:43:16'),
(4, 1, 29, '2024-07-15 15:43:16', '2024-07-15 15:43:16'),
(5, 1, 31, '2024-07-15 15:43:16', '2024-07-15 15:43:16'),
(6, 2, 16, '2024-07-15 15:45:21', '2024-07-15 15:45:21'),
(7, 2, 22, '2024-07-15 15:45:21', '2024-07-15 15:45:21'),
(8, 2, 23, '2024-07-15 15:45:21', '2024-07-15 15:45:21'),
(9, 2, 29, '2024-07-15 15:45:21', '2024-07-15 15:45:21'),
(10, 2, 31, '2024-07-15 15:45:21', '2024-07-15 15:45:21'),
(11, 3, 16, '2024-07-15 15:46:00', '2024-07-15 15:46:00'),
(12, 3, 22, '2024-07-15 15:46:00', '2024-07-15 15:46:00'),
(13, 3, 23, '2024-07-15 15:46:00', '2024-07-15 15:46:00'),
(14, 3, 29, '2024-07-15 15:46:00', '2024-07-15 15:46:00'),
(15, 3, 31, '2024-07-15 15:46:00', '2024-07-15 15:46:00'),
(16, 4, 16, '2024-07-15 15:46:40', '2024-07-15 15:46:40'),
(17, 4, 22, '2024-07-15 15:46:40', '2024-07-15 15:46:40'),
(18, 4, 23, '2024-07-15 15:46:40', '2024-07-15 15:46:40'),
(19, 4, 29, '2024-07-15 15:46:40', '2024-07-15 15:46:40'),
(20, 4, 31, '2024-07-15 15:46:40', '2024-07-15 15:46:40'),
(21, 5, 16, '2024-07-15 15:47:51', '2024-07-15 15:47:51'),
(22, 5, 22, '2024-07-15 15:47:51', '2024-07-15 15:47:51'),
(23, 5, 23, '2024-07-15 15:47:51', '2024-07-15 15:47:51'),
(24, 5, 29, '2024-07-15 15:47:51', '2024-07-15 15:47:51'),
(25, 5, 31, '2024-07-15 15:47:51', '2024-07-15 15:47:51'),
(26, 6, 16, '2024-07-15 15:51:34', '2024-07-15 15:51:34'),
(27, 6, 22, '2024-07-15 15:51:34', '2024-07-15 15:51:34'),
(28, 6, 23, '2024-07-15 15:51:34', '2024-07-15 15:51:34'),
(29, 6, 29, '2024-07-15 15:51:34', '2024-07-15 15:51:34'),
(30, 6, 31, '2024-07-15 15:51:34', '2024-07-15 15:51:34'),
(31, 7, 61, '2024-07-15 20:51:44', '2024-07-15 20:51:44'),
(32, 7, 62, '2024-07-15 20:51:44', '2024-07-15 20:51:44'),
(33, 7, 63, '2024-07-15 20:51:44', '2024-07-15 20:51:44'),
(34, 7, 64, '2024-07-15 20:51:44', '2024-07-15 20:51:44'),
(35, 7, 65, '2024-07-15 20:51:44', '2024-07-15 20:51:44'),
(36, 8, 66, '2024-07-15 20:57:24', '2024-07-15 20:57:24'),
(37, 8, 67, '2024-07-15 20:57:24', '2024-07-15 20:57:24'),
(38, 8, 68, '2024-07-15 20:57:24', '2024-07-15 20:57:24'),
(39, 8, 69, '2024-07-15 20:57:24', '2024-07-15 20:57:24'),
(40, 8, 70, '2024-07-15 20:57:24', '2024-07-15 20:57:24'),
(41, 8, 71, '2024-07-15 20:57:24', '2024-07-15 20:57:24'),
(42, 9, 66, '2024-07-15 20:58:29', '2024-07-15 20:58:29'),
(43, 9, 67, '2024-07-15 20:58:29', '2024-07-15 20:58:29'),
(44, 9, 68, '2024-07-15 20:58:29', '2024-07-15 20:58:29'),
(45, 9, 69, '2024-07-15 20:58:29', '2024-07-15 20:58:29'),
(46, 9, 70, '2024-07-15 20:58:29', '2024-07-15 20:58:29'),
(47, 9, 71, '2024-07-15 20:58:29', '2024-07-15 20:58:29'),
(48, 10, 35, '2024-07-15 21:40:46', '2024-07-15 21:40:46'),
(49, 10, 36, '2024-07-15 21:40:46', '2024-07-15 21:40:46'),
(50, 10, 39, '2024-07-15 21:40:46', '2024-07-15 21:40:46'),
(51, 10, 42, '2024-07-15 21:40:46', '2024-07-15 21:40:46'),
(52, 10, 43, '2024-07-15 21:40:46', '2024-07-15 21:40:46'),
(53, 11, 35, '2024-07-15 21:43:05', '2024-07-15 21:43:05'),
(54, 11, 36, '2024-07-15 21:43:05', '2024-07-15 21:43:05'),
(55, 11, 38, '2024-07-15 21:43:05', '2024-07-15 21:43:05'),
(56, 11, 41, '2024-07-15 21:43:05', '2024-07-15 21:43:05'),
(57, 11, 42, '2024-07-15 21:43:05', '2024-07-15 21:43:05'),
(58, 12, 35, '2024-07-15 21:43:48', '2024-07-15 21:43:48'),
(59, 12, 36, '2024-07-15 21:43:48', '2024-07-15 21:43:48'),
(60, 12, 39, '2024-07-15 21:43:48', '2024-07-15 21:43:48'),
(61, 12, 42, '2024-07-15 21:43:48', '2024-07-15 21:43:48'),
(62, 12, 43, '2024-07-15 21:43:48', '2024-07-15 21:43:48'),
(63, 13, 16, '2024-07-17 14:44:23', '2024-07-17 14:44:23'),
(64, 13, 22, '2024-07-17 14:44:23', '2024-07-17 14:44:23'),
(65, 13, 23, '2024-07-17 14:44:23', '2024-07-17 14:44:23'),
(66, 13, 29, '2024-07-17 14:44:23', '2024-07-17 14:44:23'),
(67, 13, 31, '2024-07-17 14:44:23', '2024-07-17 14:44:23'),
(68, 14, 16, '2024-07-17 14:46:25', '2024-07-17 14:46:25'),
(69, 14, 22, '2024-07-17 14:46:25', '2024-07-17 14:46:25'),
(70, 14, 23, '2024-07-17 14:46:25', '2024-07-17 14:46:25'),
(71, 14, 29, '2024-07-17 14:46:25', '2024-07-17 14:46:25'),
(72, 14, 31, '2024-07-17 14:46:25', '2024-07-17 14:46:25'),
(73, 15, 16, '2024-07-17 14:47:50', '2024-07-17 14:47:50'),
(74, 15, 22, '2024-07-17 14:47:50', '2024-07-17 14:47:50'),
(75, 15, 23, '2024-07-17 14:47:50', '2024-07-17 14:47:50'),
(76, 15, 29, '2024-07-17 14:47:50', '2024-07-17 14:47:50'),
(77, 15, 31, '2024-07-17 14:47:50', '2024-07-17 14:47:50'),
(78, 16, 74, '2024-07-17 15:36:27', '2024-07-17 15:36:27'),
(79, 17, 74, '2024-07-17 15:36:57', '2024-07-17 15:36:57'),
(80, 18, 74, '2024-07-17 15:38:02', '2024-07-17 15:38:02'),
(81, 19, 74, '2024-07-17 15:38:41', '2024-07-17 15:38:41'),
(82, 20, 74, '2024-07-17 15:39:00', '2024-07-17 15:39:00'),
(83, 21, 75, '2024-07-17 15:46:02', '2024-07-17 15:46:02'),
(84, 21, 76, '2024-07-17 15:46:02', '2024-07-17 15:46:02'),
(85, 21, 78, '2024-07-17 15:46:02', '2024-07-17 15:46:02'),
(86, 21, 79, '2024-07-17 15:46:02', '2024-07-17 15:46:02'),
(87, 22, 75, '2024-07-17 15:46:23', '2024-07-17 15:46:23'),
(88, 22, 76, '2024-07-17 15:46:23', '2024-07-17 15:46:23'),
(89, 22, 78, '2024-07-17 15:46:23', '2024-07-17 15:46:23'),
(90, 22, 79, '2024-07-17 15:46:23', '2024-07-17 15:46:23'),
(91, 23, 75, '2024-07-17 15:46:48', '2024-07-17 15:46:48'),
(92, 23, 76, '2024-07-17 15:46:48', '2024-07-17 15:46:48'),
(93, 23, 78, '2024-07-17 15:46:48', '2024-07-17 15:46:48'),
(94, 23, 79, '2024-07-17 15:46:48', '2024-07-17 15:46:48'),
(95, 24, 75, '2024-07-17 15:47:08', '2024-07-17 15:47:08'),
(96, 24, 76, '2024-07-17 15:47:08', '2024-07-17 15:47:08'),
(97, 24, 78, '2024-07-17 15:47:08', '2024-07-17 15:47:08'),
(98, 24, 79, '2024-07-17 15:47:08', '2024-07-17 15:47:08'),
(99, 25, 75, '2024-07-17 15:47:28', '2024-07-17 15:47:28'),
(100, 25, 76, '2024-07-17 15:47:28', '2024-07-17 15:47:28'),
(101, 25, 78, '2024-07-17 15:47:28', '2024-07-17 15:47:28'),
(102, 25, 79, '2024-07-17 15:47:28', '2024-07-17 15:47:28'),
(103, 26, 73, '2024-07-17 16:04:11', '2024-07-17 16:04:11'),
(104, 26, 77, '2024-07-17 16:04:11', '2024-07-17 16:04:11'),
(105, 27, 73, '2024-07-17 16:04:34', '2024-07-17 16:04:34'),
(106, 27, 77, '2024-07-17 16:04:34', '2024-07-17 16:04:34'),
(107, 28, 73, '2024-07-17 16:05:03', '2024-07-17 16:05:03'),
(108, 28, 77, '2024-07-17 16:05:03', '2024-07-17 16:05:03'),
(109, 29, 73, '2024-07-17 16:05:31', '2024-07-17 16:05:31'),
(110, 29, 77, '2024-07-17 16:05:31', '2024-07-17 16:05:31'),
(111, 30, 73, '2024-07-17 16:05:53', '2024-07-17 16:05:53'),
(112, 30, 77, '2024-07-17 16:05:53', '2024-07-17 16:05:53'),
(113, 31, 61, '2024-07-27 00:53:17', '2024-07-27 00:53:17'),
(114, 31, 62, '2024-07-27 00:53:17', '2024-07-27 00:53:17'),
(115, 31, 63, '2024-07-27 00:53:17', '2024-07-27 00:53:17'),
(116, 31, 64, '2024-07-27 00:53:17', '2024-07-27 00:53:17'),
(117, 31, 65, '2024-07-27 00:53:17', '2024-07-27 00:53:17'),
(118, 32, 61, '2024-08-06 17:43:16', '2024-08-06 17:43:16'),
(119, 32, 62, '2024-08-06 17:43:16', '2024-08-06 17:43:16'),
(120, 32, 63, '2024-08-06 17:43:17', '2024-08-06 17:43:17'),
(121, 32, 64, '2024-08-06 17:43:17', '2024-08-06 17:43:17'),
(122, 32, 65, '2024-08-06 17:43:17', '2024-08-06 17:43:17'),
(123, 32, 66, '2024-08-06 17:43:17', '2024-08-06 17:43:17'),
(124, 32, 67, '2024-08-06 17:43:17', '2024-08-06 17:43:17'),
(125, 32, 68, '2024-08-06 17:43:17', '2024-08-06 17:43:17'),
(126, 32, 69, '2024-08-06 17:43:17', '2024-08-06 17:43:17'),
(127, 32, 70, '2024-08-06 17:43:17', '2024-08-06 17:43:17'),
(128, 32, 71, '2024-08-06 17:43:17', '2024-08-06 17:43:17');

-- --------------------------------------------------------

--
-- Table structure for table `mahasiswa`
--

CREATE TABLE `mahasiswa` (
  `nim` varchar(15) CHARACTER SET utf8mb4 COLLATE utf8mb4_unicode_ci NOT NULL,
  `nama` varchar(255) CHARACTER SET utf8mb4 COLLATE utf8mb4_unicode_ci NOT NULL,
  `tempatlahir` varchar(255) CHARACTER SET utf8mb4 COLLATE utf8mb4_unicode_ci NOT NULL,
  `tanggallahir` date NOT NULL,
  `email` varchar(50) CHARACTER SET utf8mb4 COLLATE utf8mb4_unicode_ci NOT NULL,
  `created_at` timestamp NULL DEFAULT NULL,
  `updated_at` timestamp NULL DEFAULT NULL
) ENGINE=InnoDB DEFAULT CHARSET=utf8mb4 COLLATE=utf8mb4_unicode_ci ROW_FORMAT=DYNAMIC;

--
-- Dumping data for table `mahasiswa`
--

INSERT INTO `mahasiswa` (`nim`, `nama`, `tempatlahir`, `tanggallahir`, `email`, `created_at`, `updated_at`) VALUES
('1955201110001', 'AHMAD AQLI', 'MUARA TEWEH', '2001-03-27', 'aqli@gmail.com', '2023-06-18 07:14:45', '2024-07-17 20:07:22'),
('1955201110002', 'AHMAD RIFANI', 'KOTAWARINGIN HULU', '2000-12-25', 'rifani@gmail.com', '2023-06-18 07:15:29', '2023-06-18 07:15:29'),
('1955201110003', 'ALDIANNOOR', 'TABALONG', '2000-06-05', 'aldiannoor@gmail.com', '2023-06-18 07:16:06', '2023-06-18 07:16:06'),
('1955201110004', 'ANISHA PRATIWI', 'BARABAI', '2001-01-04', 'anisha@gmail.com', '2023-06-18 07:16:48', '2023-06-18 07:16:48'),
('1955201110005', 'DIAH NAWANG ULAN', 'BATU BUA II', '2000-01-12', 'diah@gmail.com', '2023-06-18 07:17:34', '2023-06-18 07:17:54'),
('1955201110006', 'FEBIANTI', 'KUALA KAPUAS', '2001-11-27', 'febianti@gmail.com', '2023-06-18 07:18:37', '2023-06-18 07:18:37'),
('1955201110007', 'GILANG IRCHAS A', 'KUALA KAPUAS', '1999-12-15', 'gilang@gmail.com', '2023-06-18 07:19:21', '2023-06-18 07:19:21'),
('1955201110008', 'GT. NITA FAUZIAH', 'KOTABARU', '2001-03-04', 'nita@gmail.com', '2023-06-18 07:20:02', '2023-06-18 07:20:02'),
('1955201110009', 'HAMDANI', 'KOTABARU', '2000-12-28', 'hamdani@gmail.com', '2023-06-18 07:20:45', '2023-06-18 07:20:45'),
('1955201110010', 'HIZKIA GABETTO PANJAITAN', 'BANJARMASIN', '2001-05-09', 'hizkia@gmail.com', '2023-06-18 07:21:22', '2023-06-18 07:21:22'),
('1955201110011', 'IRVAN NOVIANSYAH', 'MANGKAHUI', '2001-09-11', 'irvan@gmail.com', '2023-06-18 07:22:05', '2023-06-18 07:22:05'),
('1955201110012', 'M. RAIHAN ABDUL HAFIDZ', 'BANJAR BARU', '2001-07-29', 'raihan@gmail.com', '2023-06-18 07:22:53', '2023-06-18 07:22:53'),
('1955201110013', 'MUHAMMAD RIFQI WARDANA', 'BANJARMASIN', '2001-04-15', 'rifqi@gmail.com', '2023-06-18 07:24:42', '2023-06-18 07:24:42'),
('1955201110014', 'NADIEFA NAHDA S', 'BANJARMASIN', '2001-02-22', 'nadiefa@gmail.com', '2023-06-18 07:25:18', '2023-06-18 07:25:18'),
('1955201110015', 'NOR RAHMAH', 'AMPAH', '2000-04-19', 'rahmah@gmail.com', '2023-06-18 07:25:50', '2023-06-18 07:25:50'),
('1955201110016', 'NOVIA', 'KABUAU', '2000-02-29', 'novia@gmail.com', '2023-06-18 07:26:40', '2023-06-18 07:26:40'),
('1955201110017', 'PITRIA ULFAH', 'SEI.BARING', '2002-01-29', 'pitria@gmail.com', '2023-06-18 07:27:16', '2023-06-18 07:27:16'),
('1955201110018', 'RIDHONI ROBBY PRATAMA', 'BANJARMASIN', '2001-02-25', 'ridhoni@gmail.com', '2023-06-18 07:28:13', '2023-06-18 07:28:13'),
('1955201110019', 'SITI FATIMAH', 'KAMPUNG BARU', '2002-08-11', 'fatimah@gmail.com', '2023-06-18 07:28:57', '2023-06-18 07:28:57'),
('1955201110020', 'SYAHNAS ENJANG', 'LANDASAN ULIN', '2001-08-26', 'syahnas@gmail.com', '2023-06-18 07:29:48', '2023-06-18 07:29:48'),
('1955201110021', 'ACHMAD RAMADHANI', 'KUALA KAPUAS', '2000-11-27', 'ramadhani@gmail.com', '2023-06-18 07:30:31', '2023-06-18 07:30:31'),
('2055201110001', 'AHMAD ZAINI', 'TANAH LAUT', '2001-06-06', 'zaini@gmail.com', '2023-06-18 06:42:31', '2023-06-18 06:42:31'),
('2055201110002', 'ATHAYA NORRAHMAH', 'RANTAU', '2003-06-08', 'athaya@gmail.com', '2023-06-18 06:43:20', '2023-06-18 06:43:20'),
('2055201110003', 'AZHAR IRFANI', 'BANJARMASIN', '2001-05-07', 'azhar@gmail.com', '2023-06-18 06:44:00', '2023-06-18 06:44:00'),
('2055201110004', 'M.RAFI\'I', 'AMUNTAI', '2001-07-31', 'm.rafi\'i@gmail.com', '2023-06-18 06:45:05', '2023-06-18 06:45:05'),
('2055201110005', 'MUHAMMAD RIZKY ALMI\'RAJI', 'TANJUNG', '2002-09-21', 'rizky@gmail.com', '2023-06-18 06:45:50', '2023-06-18 06:45:50'),
('2055201110006', 'REZA FIKRI ADITIYA', 'TABALONG', '2002-01-29', 'rezafikri@gmail.com', '2023-06-18 06:46:50', '2023-06-18 06:46:50'),
('2055201110007', 'AKHMAD SUHAIMI', 'BUNTOK', '2001-03-15', 'suhaimi@gmail.com', '2023-06-18 06:47:40', '2023-06-18 06:47:40'),
('2055201110008', 'ASHOBIRIN ADNAN', 'SAMPIT', '2001-04-01', 'adnan@gmail.com', '2023-06-18 06:48:19', '2023-06-18 06:48:19'),
('2055201110009', 'AYUDIA EKA NURANI', 'KOTABARU', '2000-10-26', 'ayudia@gmail.com', '2023-06-18 06:49:00', '2023-06-18 06:49:00'),
('2055201110010', 'DENDY DWI PRATAMA', 'PARINGIN', '2001-10-07', 'dendy@gmail.com', '2023-06-18 06:49:47', '2023-06-18 06:49:47'),
('2055201110012', 'HIDAYATURRAHMAN', 'Tabalong', '2003-03-24', 'hidayaturrahman@gmail.com', '2023-06-18 06:50:44', '2023-06-18 06:50:44'),
('2055201110013', 'IRFHANDO RAMADHANSYAH PUTRA', 'TIMIKA', '2001-12-03', 'irfhando@gmail.com', '2023-06-18 06:51:27', '2023-06-18 06:51:27'),
('2055201110014', 'IRHAS NOOR', 'BARITO KUALA', '2002-07-07', 'irhas@gmail.com', '2023-06-18 06:52:11', '2023-06-18 06:52:11'),
('2055201110015', 'M. AGUNG MAULANA BAGASKARA', 'BARITO KUALA', '2002-11-09', 'agung@gmail.com', '2023-06-18 06:52:57', '2023-06-18 06:52:57'),
('2055201110017', 'MUHAMMAD FADHIL MAULANA', 'BANJARMASIN', '2001-09-29', 'fadhil@gmail.com', '2023-06-18 06:53:44', '2023-06-18 06:53:44'),
('2055201110018', 'MUHAMMAD HABIBIE', 'BANJARMASIN', '1997-02-16', 'habibie@gmail.com', '2023-06-18 06:54:36', '2023-06-18 06:54:36'),
('2055201110019', 'MUHAMMAD RIZKY NUGRAHA', 'Cilacap', '2001-02-21', 'rizky@gmail.com', '2023-06-18 06:55:30', '2023-06-18 06:55:30'),
('2055201110020', 'MUTIA AMANDA SEPTIANI', 'PURUK CAHU', '2002-09-02', 'mutia@gmail.com', '2023-06-18 06:57:11', '2023-06-18 06:57:11'),
('2055201110021', 'NUR HALIM', 'LUMAJANG', '2002-02-10', 'halim@gmail.com', '2023-06-18 06:57:57', '2023-06-18 06:57:57'),
('2055201110022', 'REZA RAKHMADINNUR', 'TANAH GROGOT', '2002-05-23', 'rezarakhmadinnur@gmail.com', '2023-06-18 06:58:47', '2023-06-18 06:58:47'),
('2055201110024', 'RIZKY GUNAWAN', 'MUARA TEWEH', '2001-10-03', 'rizkygunawan@gmail.com', '2023-06-18 06:59:39', '2023-06-18 06:59:39'),
('2055201110025', 'RIZKY MAULANA', 'TANAH LAUT', '2002-09-01', 'rizkymaulana@gmail.com', '2023-06-18 07:00:33', '2023-06-18 07:00:33'),
('2055201110027', 'TRI REZEKI NOOR SEPTIANIGSIH', 'BUKIT SAWIT', '2002-09-29', 'trirezeki@gmail.com', '2023-06-18 07:01:40', '2023-06-18 07:01:40'),
('2055201110028', 'TUBAGUS ARYA JAYAHADIKUSUMA', 'AMUNTAI', '2002-04-06', 'tubagus@gmail.com', '2023-06-18 07:02:32', '2023-06-18 07:02:32'),
('2055201110029', 'AHADIYAT RAKHMAN', 'PAGATAN', '2002-01-15', 'ahadiyat@gmail.com', '2023-06-18 07:03:28', '2023-06-18 07:03:28'),
('2055201110030', 'MUHAMMAD RIDHO HIJRIAWAN', 'BANJARBARU', '2002-03-15', 'ridhohijriawan@gmail.com', '2023-06-18 07:04:28', '2023-06-18 07:04:28'),
('2055201110031', 'SITI NADYA MAYLA', 'KUALA KAPUAS', '2002-02-06', 'nadya@gmail.com', '2023-06-18 07:05:18', '2023-06-18 07:05:18'),
('2055201110032', 'AULYA MIFTAHUL FADHILAH', 'Wonogiri', '2002-12-19', 'aulya@gmail.com', '2023-06-18 07:05:56', '2023-06-18 07:05:56'),
('2055201110033', 'SHEPIA DWI ANGGRAENI', 'BARAMBAI', '2001-09-06', 'shepia@gmail.com', '2023-06-18 07:06:41', '2023-06-18 07:06:41'),
('2055201110034', 'AHMAD FAISAL HAMIDI', 'SUNGAI TIUNG', '2001-02-13', 'faisal@gmail.com', '2023-06-18 07:07:28', '2023-06-18 07:07:28'),
('2055201110035', 'AHMAD RIZWAN ANSHARI', 'BANJARMASIN', '2001-06-15', 'rizwan@gmail.com', '2023-06-18 07:09:10', '2023-06-18 07:09:10'),
('2055201110036', 'MUHAMMAD AQIIBA ZAIIM', 'ALABIO', '2002-01-24', 'aqiiba@gmail.com', '2023-06-18 07:10:07', '2023-06-18 07:10:07'),
('2055201110037', 'MUHAMMAD NAUFAL', 'BANJARMASIN', '2001-06-26', 'naufal@gmail.com', '2023-06-18 07:11:25', '2023-06-18 07:11:25'),
('2055201110038', 'SITI AISYAH', 'SUNGAI KALI', '2002-12-24', 'aisyah@gmail.com', '2023-06-18 07:12:26', '2023-06-18 07:12:26'),
('2055201110039', 'AHMAD BAIHAKI', 'RANTAU KEMINTING', '2001-07-17', 'baihaki@gmail.com', '2023-06-18 07:13:08', '2023-06-18 07:13:08'),
('2055201110040', 'MOHAMAD REZA', 'BANJARMASIN', '2002-07-17', 'mohamadreza@gmail.com', '2023-06-18 07:14:00', '2023-06-18 07:14:00'),
('2155201110001', 'ELISA FITRIANA', 'BANJARBARU', '2002-12-29', 'elisa@gmail.com', '2023-06-18 06:11:07', '2023-06-18 06:11:07'),
('2155201110002', 'ERNI', 'KUALA KAPUAS', '2002-01-01', 'erni@gmail.com', '2023-06-18 06:12:01', '2023-06-18 06:12:01'),
('2155201110003', 'MUHAMMAD UBAIDILLAH', 'BANJARMASIN', '2003-02-13', 'ubaidillah@gmail.com', '2023-06-18 06:13:54', '2023-06-18 06:13:54'),
('2155201110004', 'ADE PUTRI MAHARANI', 'PASSENO SIDRAP', '2003-05-09', 'adeputri@gmail.com', '2023-06-18 06:14:51', '2023-06-18 06:14:51'),
('2155201110006', 'ALFISAH DAMAYANTI', 'KOTAWARINGIN TIMUR', '2002-02-16', 'alfisah@gmail.com', '2023-06-18 06:15:44', '2023-06-18 06:15:44'),
('2155201110007', 'ANDI INDRAGUNA DEWA BUANA', 'MAKASSAR', '2003-03-05', 'andi@gmail.com', '2023-06-18 06:16:42', '2023-06-18 06:16:42'),
('2155201110008', 'AULIA FITRI', 'TAMBAN', '2003-07-22', 'auliafitri@gmail.com', '2023-06-18 06:18:23', '2023-06-18 06:18:23'),
('2155201110009', 'BAYU MAULANA PANGESTU', 'TANAH GROGOT', '2003-02-15', 'bayu@gmail.com', '2023-06-18 06:19:02', '2023-06-18 06:19:02'),
('2155201110010', 'DANANG TIRTA RHAMADAN', '.MEKAR JAYA', '2002-12-12', 'danang@gmail.com', '2023-06-18 06:19:35', '2023-06-18 06:19:35'),
('2155201110011', 'DICKI PRASTIA PAUZI', 'MANGKAHUI', '2002-12-28', 'dicki@gmail.com', '2023-06-18 06:20:15', '2023-06-18 06:20:15'),
('2155201110012', 'ERSAN NAUFAL AL GIFARI', 'MUARA LAUNG 1', '2003-03-18', 'ersan@gmail.com', '2023-06-18 06:20:52', '2023-06-18 06:20:52'),
('2155201110013', 'FIQRI PRAMUDYA ADIYATMA', 'MUARA TEWEH', '2003-10-15', 'fiqri@gmail.com', '2023-06-18 06:21:52', '2023-06-18 06:21:52'),
('2155201110014', 'IHSANUDIN', 'TABALONG', '2002-07-06', 'ihsanudin@gmail.com', '2023-06-18 06:22:42', '2023-06-18 06:22:42'),
('2155201110015', 'JAUHAR LATIFAH', 'TABAT PADANG', '2003-02-14', 'jauhar@gmail.com', '2023-06-18 06:23:40', '2023-06-18 06:23:40'),
('2155201110016', 'KAYYISU WILLYANI', 'BALIKPAPAN', '2002-11-25', 'kayyisu@gmail.com', '2023-06-18 06:24:22', '2023-06-18 06:24:22'),
('2155201110018', 'MUHAMAD BAGAS BIMANTARA', 'BANJARBARU', '2002-09-14', 'bagas@gmail.com', '2023-06-18 06:27:08', '2023-06-18 06:27:08'),
('2155201110021', 'MUHAMMAD IQBAL ADHA', 'BANJARMASIN', '2003-02-11', 'iqbal@gmail.com', '2023-06-18 06:27:53', '2023-06-18 06:27:53'),
('2155201110022', 'MUHAMMAD TAHRIR', 'PANGKALAN SARI', '2003-07-25', 'tahrir@gmail.com', '2023-06-18 06:29:28', '2023-06-18 06:29:28'),
('2155201110023', 'MUHAMMAD TANTOWI JAUHARI', 'BANJARMASIN', '2003-01-20', 'tantowi@gmail.com', '2023-06-18 06:31:02', '2023-06-18 06:31:17'),
('2155201110024', 'MUHAMMAD ZULFAN REVA MAULANA', 'BIRAYANG', '2003-01-03', 'zulfan@gmail.com', '2023-06-18 06:32:09', '2023-06-18 06:32:09'),
('2155201110025', 'NOR LAILA HASANAH', 'TABALONG', '2003-01-10', 'laila@gmail.com', '2023-06-18 06:33:06', '2023-06-18 06:33:06'),
('2155201110026', 'NOVIA RAHMAH', 'BITIN', '2002-11-05', 'noviarahmah@gmail.com', '2023-06-18 06:34:06', '2023-06-18 06:34:06'),
('2155201110027', 'NUR AINA SUSANTI', 'PAGATAN', '2003-04-21', 'aina@gmail.com', '2023-06-18 06:34:37', '2023-06-18 06:34:37'),
('2155201110028', 'THARIQ', 'BANJARMASIN', '2003-09-14', 'thariq@gmail.com', '2023-06-18 06:35:31', '2023-06-18 06:35:31'),
('2155201110029', 'YULISA SURYANA', 'BLITAR', '2003-02-17', 'yulisa@gmail.com', '2023-06-18 06:36:15', '2023-06-18 06:36:15'),
('2155201110030', 'AHMAD NAWAWI', 'BATOLA', '2002-06-08', 'ahmadnawawi@gmail.com', '2023-06-18 06:37:11', '2023-06-18 06:37:11'),
('2155201110031', 'M. SARIF', 'PANAMAS', '2002-08-05', 'sarif@gmail.com', '2023-06-18 06:37:43', '2023-06-18 06:37:43'),
('2155201110032', 'MUHAMMAD NOVAL', 'SEI TIUNG', '2001-07-31', 'noval@gmail.com', '2023-06-18 06:38:30', '2023-06-18 06:38:30'),
('2155201110033', 'MUHAMMAD NUR HAFILLUDIN', 'BANJARMASIN', '2002-10-12', 'hafilludin@gmail.com', '2023-06-18 06:39:25', '2023-06-18 06:39:25'),
('2155201110034', 'MUHAMMAD IRFAN ALI', '-', '2001-01-01', 'irfan@gmail.com', '2023-06-18 06:40:02', '2023-06-18 06:40:02'),
('2155201110035', 'KHANDA AHMAD SUKMAWAN', 'KUALA KAPUAS', '2003-08-01', 'sukmawan@gmail.com', '2023-06-18 06:41:10', '2023-06-18 06:41:10'),
('2155201120036', 'MUHAMMAD DZIKRI DA\'IMAN', 'KANDANGAN', '2002-01-09', 'dzikri@gmail.com', '2023-06-18 06:41:53', '2023-06-18 06:41:53'),
('2255201110001', 'RENI EMELIYA', 'PALANGKAU BARU', '2004-06-08', 'reniemeliya@gmail.com', '2023-06-18 01:51:58', '2023-07-03 19:13:27'),
('2255201110002', 'SA\'ADAH', 'HULU SUNGAI SELATAN', '2003-08-19', 'saadah@gmail.com', '2023-06-18 01:58:35', '2023-06-18 01:58:35'),
('2255201110003', 'AHMAD RIFANI', 'KOTAWARINGIN HULU', '2000-12-25', 'ahmadrifani@gmail.com', '2023-06-18 02:01:25', '2023-06-18 02:08:19'),
('2255201110004', 'ANDIKA SYARIF HIDAYATULLAH', 'KUALA KAPUAS', '2003-12-13', 'andikasyarifhidayatullah@gmail.com', '2023-06-18 02:07:24', '2023-06-18 02:08:49'),
('2255201110005', 'ANWAR', 'MAKKAH', '2001-09-08', 'anwar@gmail.com', '2023-06-18 02:10:07', '2023-06-18 02:10:07'),
('2255201110006', 'FADILA AISYAH SHAHNAZ', 'MONTALLAT II', '2003-06-21', 'fadila@gmail.com', '2023-06-18 02:11:29', '2023-06-18 02:11:29'),
('2255201110007', 'HIDAYAT NOOR FADILAH', '-', '2002-01-31', 'hidayat@gmail.com', '2023-06-18 02:13:48', '2023-06-18 02:13:48'),
('2255201110008', 'HUSNUL HATIMAH', 'KOTABARU', '2004-02-26', 'husnul@gmail.com', '2023-06-18 02:15:00', '2023-06-18 02:15:00'),
('2255201110010', 'MAHENDRA ADI KUSUMA', 'MUARA LAUNG I', '2004-07-30', 'mahendra@gmail.com', '2023-06-18 02:18:48', '2023-06-18 02:18:48'),
('2255201110011', 'MUHAMMAD FAISAL', '-', '2002-01-31', 'faisal@gmail.com', '2023-06-18 02:20:02', '2023-06-18 02:20:02'),
('2255201110012', 'MUHAMMAD IHSAN', 'TABALONG', '2004-04-23', 'ihsan@gmail.com', '2023-06-18 02:21:08', '2023-06-18 02:21:08'),
('2255201110013', 'MUHAMMAD RAIS HADYAN', 'Banjarmasin', '2003-04-09', 'rais@gmail.com', '2023-06-18 02:22:39', '2023-06-18 02:22:39'),
('2255201110014', 'MUHAMMAD REZA PAHLEVI', 'BUNTOK', '2003-10-14', 'rezapahlevi@gmail.com', '2023-06-18 02:24:39', '2023-06-18 02:24:39'),
('2255201110015', 'RAHMA MEINA RIWANDA', 'MANDOMAI', '2004-05-26', 'meina@gmail.com', '2023-06-18 02:25:41', '2023-06-18 02:25:41'),
('2255201110016', 'RAIHAN DIMAS ADITYA', 'BUNTOK', '2004-03-06', 'raihan@gmail.com', '2023-06-18 02:27:16', '2023-06-18 02:27:16'),
('2255201110017', 'SETARA MERDEKAWATI', 'JAKARTA', '2004-01-27', 'merdekawati@gmail.com', '2023-06-18 02:28:29', '2023-06-18 02:28:29'),
('2255201110018', 'SHOFIA ZULFA', 'BANJARMASIN', '2004-04-14', 'shofia@gmail.com', '2023-06-18 02:29:52', '2023-06-18 02:29:52'),
('2255201110020', 'WINDA ASTRIA NUANSA SAPUTRI', 'RANTAU BUDA', '2003-08-26', 'windaastria@gmail.com', '2023-06-18 02:32:38', '2023-06-18 02:32:38'),
('2255201110021', 'YUNNERJA', 'MUARA TUHUP', '2003-11-29', 'yunnerja@gmail.com', '2023-06-18 02:33:27', '2023-06-18 02:33:27'),
('2255201110022', 'YUSUF ALFARABI NATAWIYANTA', 'SAMPIT', '2003-02-10', 'yusufalfarabi@gmail.com', '2023-06-18 02:34:45', '2023-06-18 02:34:45'),
('2255201110024', 'FAIZA NUR AINSY', 'LAMONGAN', '2003-05-10', 'faiza@gmail.com', '2023-06-18 02:35:25', '2023-06-18 02:35:25'),
('2255201110025', 'IHSAN NOR RAMADHAN', '-', '2002-01-31', 'ihsan@gmail.com', '2023-06-18 02:36:33', '2023-06-18 02:36:33'),
('2255201110026', 'RIZMA NURHALIZA', 'PAGATAN', '2004-03-06', 'rizma@gmail.com', '2023-06-18 02:37:48', '2023-06-18 02:37:48'),
('2255201110027', 'TEGUH TJANDRA', 'BANJARMASIN', '2003-04-13', 'teguh@gmail.com', '2023-06-18 02:38:39', '2023-06-18 02:38:39'),
('2255201110028', 'FAUZAN AZIMA', 'BARABAI', '2005-02-22', 'fauzan@gmail.com', '2023-06-18 02:39:32', '2023-06-18 02:39:32'),
('2255201110029', 'RADHITYA ABDI NURHAFIZ', 'TANAH BUMBU', '2004-03-02', 'radhitya@gmail.com', '2023-06-18 02:40:24', '2023-06-18 02:40:24'),
('2255201110030', 'KISMI ARIYADI', '-', '2002-01-31', 'kismi@gmail.com', '2023-06-18 02:41:24', '2023-06-18 02:41:24'),
('2255201110031', 'RAISYA ALIFA KHANSA', 'BANJARMASIN', '2004-06-19', 'raisya@gmail.com', '2023-06-18 05:41:12', '2023-06-18 05:41:12'),
('2255201110032', 'AHMAD RIZAL REYNALDI', 'LAGAN', '2004-09-28', 'ahmadrizal@gmail.com', '2023-06-18 05:42:17', '2023-06-18 05:45:19'),
('2255201110033', 'MUH. IMAM SYUHADA', 'LONTAR UTARA', '2003-07-23', 'imamsyuhada@gmail.com', '2023-06-18 05:43:35', '2023-06-18 05:44:58'),
('2255201110034', 'BAGUS SETIAWAN', 'MARABAHAN', '2000-07-16', 'bagus@gmail.com', '2023-06-18 05:44:25', '2023-06-18 05:44:25'),
('2255201110035', 'HAMMAMI RIFQI DARMAWAN', 'TANAH GROGOT', '0004-02-19', 'hammami@gmail.com', '2023-06-18 05:48:41', '2023-06-18 05:48:41'),
('2255201110036', 'IQBAL IRHAM MUFTEZAR PUTRA', 'PALANGKA RAYA', '2004-09-14', 'iqbal@gmail.com', '2023-06-18 05:49:57', '2023-06-18 05:49:57'),
('2255201210038', 'VALENTIN SALMA EDLINA', 'BLORA', '2001-02-14', 'valentin@gmail.com', '2023-06-18 06:10:18', '2023-06-18 06:10:18');

-- --------------------------------------------------------

--
-- Table structure for table `matakuliah`
--

CREATE TABLE `matakuliah` (
  `kode` varchar(50) CHARACTER SET utf8mb3 COLLATE utf8mb3_general_ci NOT NULL,
  `nama` varchar(50) CHARACTER SET utf8mb3 COLLATE utf8mb3_general_ci DEFAULT NULL,
  `sks` varchar(10) CHARACTER SET utf8mb3 COLLATE utf8mb3_general_ci DEFAULT NULL,
  `smt` varchar(10) CHARACTER SET utf8mb3 COLLATE utf8mb3_general_ci DEFAULT NULL,
  `created_at` timestamp NULL DEFAULT CURRENT_TIMESTAMP,
  `updated_at` timestamp NULL DEFAULT CURRENT_TIMESTAMP
) ENGINE=InnoDB DEFAULT CHARSET=utf8mb3 ROW_FORMAT=DYNAMIC;

--
-- Dumping data for table `matakuliah`
--

INSERT INTO `matakuliah` (`kode`, `nama`, `sks`, `smt`, `created_at`, `updated_at`) VALUES
('21FTK0001', 'TEKNIK KOMUNIKASI', '2.00', '1', NULL, NULL),
('21FTK0002', 'PEMBANGUNAN BERKELANJUTAN I', '2.00', '2', NULL, NULL),
('21FTK0003', 'PEMBANGUNAN BERKELANJUTAN II', '2.00', '3', NULL, NULL),
('21INF1201', 'KALKULUS', '3.00', '1', NULL, NULL),
('21INF1202', 'TEORI INFORMASI', '2.00', '1', NULL, NULL),
('21INF1203', 'DASAR-DASAR PEMROGRAMAN', '2.00', '1', NULL, NULL),
('21INF1204', 'PRAKTIKUM DASAR PEMROGRAMAN', '1.00', '1', NULL, NULL),
('21INF1205', 'ORGANISASI DAN ARSITEKTUR KOMPUTER', '3.00', '1', NULL, NULL),
('21INF1206', 'KOMPUTER APLIKASI', '2.00', '1', NULL, NULL),
('21INF2201', 'ALJABAR LINIER', '3.00', '2', NULL, NULL),
('21INF2202', 'PEMROGRAMAN BERORIENTASI OBJEK', '2.00', '2', '2024-07-15 20:48:51', '2024-07-15 20:48:51'),
('21INF2203', 'PRAKTIKUM PEROGRAMAN BERORIENTASI OBJEK', '1.00', '2', NULL, NULL),
('21INF2204', 'BASIS DATA 1', '2.00', '2', NULL, NULL),
('21INF2205', 'PRAKTIKUM BASIS DATA 1', '1.00', '2', NULL, NULL),
('21INF2206', 'STRUKTUR DATA DAN ALGORITMA', '2.00', '2', NULL, NULL),
('21INF2207', 'PRAKTIKUM STRUKTUR DATA DAN ALGORITMA', '1.00', '2', NULL, NULL),
('21INF2208', 'SISTEM DIGITAL', '2.00', '2', NULL, NULL),
('21INF3201', 'MATEMATIKA DISKRIT', '2.00', '3', NULL, NULL),
('21INF3202', 'STATISTIKA DAN PROBABILITAS', '2.00', '3', NULL, NULL),
('21INF3203', 'JARINGAN KOMPUTER', '2.00', '3', NULL, NULL),
('21INF3204', 'PRAKTIKUM JARINGAN KOMPUTER', '1.00', '3', NULL, NULL),
('21INF3205', 'PEMROGRAMAN WEB 1', '2.00', '3', NULL, NULL),
('21INF3206', 'PRAKTIKUM PEMROGRAMAN WEB 1', '1.00', '3', NULL, NULL),
('21INF3207', 'SISTEM OPERASI', '2.00', '3', NULL, NULL),
('21INF3208', 'BASIS DATA 2', '2.00', '3', NULL, NULL),
('21INF4201', 'PEMROGRAMAN WEB 2', '2.00', '4', NULL, NULL),
('21INF4202', 'PRAKTIKUM PEMROGRAMAN WEB 2', '1.00', '4', NULL, NULL),
('21INF4203', 'PEMROGRAMAN MOBILE', '2.00', '4', NULL, NULL),
('21INF4204', 'PRAKTIKUM PEMROGRAMAN MOBILE', '1.00', '4', NULL, NULL),
('21INF4206', 'SISTEM CERDAS', '3.00', '4', NULL, NULL),
('21INF4207', 'KECERDASAN BUATAN DASAR', '3.00', '4', NULL, NULL),
('21INF4208', 'INTERAKSI MANUSIA DAN KOMPUTER', '2.00', '4', NULL, NULL),
('21INF5201', 'REKAYASA PERANGKAT LUNAK', '3.00', '5', NULL, NULL),
('21INF5202', 'METODOLOGI PENELITIAN', '3.00', '5', NULL, NULL),
('21INF5203', 'INTERNET OF THINGS', '3.00', '5', NULL, NULL),
('21INF5204', 'PEMROSESAN DATA TERDISTRIBUSI', '2.00', '5', NULL, NULL),
('21INF5205', 'PRAKTIKUM PEMROSESAN DATA TERDISTRIBUSI', '1.00', '5', NULL, NULL),
('21INF5206', 'MACHINE LEARNING', '3.00', '5', NULL, NULL),
('21INF5207', 'DATA WAREHOUSE', '2.00', '5', NULL, NULL),
('21INF5208', 'PERANCANGAN USER EXPERIENCE', '2.00', '5', NULL, NULL),
('21INF6201', 'EXPERT SYSTEM', '3.00', '6', NULL, NULL),
('21INF6202', 'ILMU DATA', '3.00', '6', NULL, NULL),
('21INF6203', 'KOMPUTASI HIJAU', '2.00', '6', NULL, NULL),
('21INF6204', 'KEAMANAN DATA DAN INFORMASI', '3.00', '6', NULL, NULL),
('21INF6205', 'PENGOLAHAN CITRA DIGITAL', '3.00', '6', NULL, NULL),
('21INF6206', 'PRAKTEK KERJA LAPANGAN (PKL)', '4.00', '7', NULL, NULL),
('21INF6207', 'MANAJEMEN PROYEK PERANGKAT LUNAK', '3.00', '6', NULL, NULL),
('21INF6208', 'MULTIMEDIA', '3.00', '6', NULL, NULL),
('21INF7201', 'ETIKA HUKUM DAN PROFESI', '2.00', '7', NULL, NULL),
('21INF7202', 'KOMPUTER DAN MASYARAKAT', '2.00', '7', NULL, NULL),
('21INF7203', 'BIG DATA', '3.00', '7', NULL, NULL),
('21INF7204', 'DATA MINING', '3.00', '7', NULL, NULL),
('21INF7205', 'SEMANTIK WEB', '3.00', '7', NULL, NULL),
('21INF7206', 'ARSITEKTUR BERORIENTASI OBJEK', '3.00', '7', NULL, NULL),
('21INF8201', 'TUGAS AKHIR', '6.00', '8', NULL, NULL),
('21INF8202', 'SISTEM INFORMASI GEOGRAFIS', '3.00', '8', NULL, NULL),
('21UMB0001', 'PENDIDIKAN PANCASILA', '2.00', '2', NULL, NULL),
('21UMB0002', 'PENDIDIKAN KEWARGANEGARAAN', '2.00', '3', NULL, NULL),
('21UMB0003', 'BAHASA INDONESIA', '2.00', '1', NULL, NULL),
('21UMB0004', 'BAHASA INGGRIS', '2.00', '4', NULL, NULL),
('21UMB0005', 'KEWIRAUSAHAAN', '2.00', '5', '2024-07-15 15:01:40', '2024-07-15 15:01:40'),
('21UMB0006', 'KKN (KULIAH KERJA NYATA)', '4.00', '8', NULL, NULL),
('21UMB0007', 'AIK1 (KEIMANAN DAN KEMANUSIAAN)', '2.00', '1', NULL, NULL),
('21UMB0008', 'AIK 2 (IBADAH, AKHLAK DAN MUAMALAH)', '2.00', '2', NULL, NULL),
('21UMB0009', 'AIK III (KEMUHAMMADIYAHAN)', '2.00', '3', NULL, NULL),
('21UMB0010', 'AIK IV (ISLAM DAN IPTEK)', '2.00', '4', NULL, NULL),
('C19', 'REKAYASA PERANGKAT LUNAK 4', '2.00', '2', '2024-07-16 10:02:00', '2024-07-16 10:03:22'),
('IEC1', 'INTENSIVE ENGLISH COURSE 1', '0.00', '1', NULL, NULL),
('IEC2', 'INTENSIVE ENGLISH COURSE 2', '0.00', '2', NULL, NULL),
('INF1202', 'KEPEMIMPINAN DAN KOMUNIKASI INTERPERSON', '3.00', '1', '2024-07-15 10:37:00', '2024-07-15 10:37:00'),
('INF1203', 'TEKNOLOGI INFORMASI', '2.00', '1', '2024-07-15 10:43:26', '2024-07-15 10:43:26'),
('INF3211', 'PENGANTAR KOMPUTER APLIKASI', '2.00', '3', '2024-07-15 11:10:32', '2024-07-15 11:10:32'),
('INF3212', 'STATISTIKA DASAR', '3.00', '3', '2024-07-15 11:11:14', '2024-07-15 11:11:14'),
('INF3213', 'MATEMATIKA DISKRIT', '3.00', '3', '2024-07-15 10:55:31', '2024-07-15 10:55:31'),
('INF3214', 'BASIS DATA', '3.00', '3', '2024-07-15 10:53:40', '2024-07-15 10:53:40'),
('INF3215', 'PEMROGRAMAN WEB STATIS', '2.00', '3', '2024-07-15 11:05:31', '2024-07-15 11:05:31'),
('INF3216', 'PEMROGRAMAN BERORIENTASI OBJEK', '3.00', '3', NULL, NULL),
('INF3217', 'PRAKTIKUM PEMROGRAMAN WEB STATIS', '1.00', '3', '2024-07-15 11:06:01', '2024-07-15 11:06:01'),
('INF3218', 'PRAKTIKUM PEMROGRAMAN BERORIENTASI OBJE', '1.00', '3', '2024-07-15 11:04:07', '2024-07-15 11:04:07'),
('INF5229', 'REKAYASA PERANGKAT LUNAK', '2.00', '5', '2024-07-15 15:05:46', '2024-07-15 15:05:46'),
('INF5230', 'VISI KOMPUTER DAN PENGOLAHAN CITRA', '3.00', '5', '2024-07-15 15:10:31', '2024-07-15 15:10:31'),
('INF5231', 'SISTEM BERKAS DAN KEAMANAN DATA', '3.00', '5', '2024-07-15 15:10:53', '2024-07-15 15:10:53'),
('INF5232', 'SISTEM MANAJEMEN BASIS DATA', '2.00', '5', '2024-07-15 15:13:36', '2024-07-15 15:13:36'),
('INF5233', 'JARINGAN NIRKABEL', '3.00', '5', '2024-07-15 15:20:33', '2024-07-15 15:20:33'),
('INF5234', 'PEMROGRAMAN WEB DINAMIS', '3.00', '5', '2024-07-15 15:08:48', '2024-07-15 15:08:48'),
('INF5235', 'PRAKTIKUM MANAJEMEN BASIS DATA', '1.00', '5', '2024-07-15 15:14:29', '2024-07-15 15:14:29'),
('INF5236', 'PRAKTIKUM PEMROGRAMAN WEB DINAMIS', '1.00', '5', '2024-07-15 15:09:23', '2024-07-15 15:09:23'),
('INF7247', 'ETIKA HUKUM DAN PROFESI', '2.00', '7', '2024-07-15 15:32:51', '2024-07-15 15:32:51'),
('INF7250', ' FORENSIK DIGITAL', '3.00', '7', NULL, NULL),
('INF7253', 'PENGENALAN POLA DAN ANALISIS CITRA', '3.00', '7', '2024-07-15 15:32:06', '2024-07-15 15:32:06'),
('INF7254', 'KOMPUTASI AWAN', '2.00', '7', NULL, NULL),
('INF7255', 'PERANCANGAN SISTEM JARINGAN KOMPUTER', '3.00', '7', '2024-07-15 15:31:41', '2024-07-15 15:31:41'),
('INF7256', 'REKAYASA WEB', '3.00', '7', '2024-07-15 15:39:16', '2024-07-15 15:39:16');

-- --------------------------------------------------------

--
-- Table structure for table `monitoring_kehadiran`
--

CREATE TABLE `monitoring_kehadiran` (
  `id` bigint UNSIGNED NOT NULL,
  `perkuliahan_id` bigint UNSIGNED NOT NULL,
  `kategori` enum('1_3','4_6','7_9','10_12','13_15') CHARACTER SET utf8mb4 COLLATE utf8mb4_unicode_ci NOT NULL,
  `jumlah_pertemuan` int UNSIGNED NOT NULL,
  `created_at` timestamp NULL DEFAULT NULL,
  `updated_at` timestamp NULL DEFAULT NULL
) ENGINE=InnoDB DEFAULT CHARSET=utf8mb4 COLLATE=utf8mb4_unicode_ci;

--
-- Dumping data for table `monitoring_kehadiran`
--

INSERT INTO `monitoring_kehadiran` (`id`, `perkuliahan_id`, `kategori`, `jumlah_pertemuan`, `created_at`, `updated_at`) VALUES
(1, 61, '1_3', 3, '2024-07-28 07:55:08', '2024-07-28 07:55:22'),
(2, 61, '4_6', 6, '2024-07-28 07:55:38', '2024-07-28 07:55:38'),
(3, 64, '1_3', 2, '2024-07-28 07:58:14', '2024-07-28 07:58:14'),
(4, 64, '4_6', 4, '2024-07-28 07:58:28', '2024-07-28 08:46:55'),
(5, 62, '1_3', 2, '2024-07-28 08:18:22', '2024-07-28 08:43:59'),
(6, 63, '1_3', 2, '2024-07-28 08:43:24', '2024-07-28 08:43:38');

-- --------------------------------------------------------

--
-- Table structure for table `penilaian`
--

CREATE TABLE `penilaian` (
  `id` int NOT NULL,
  `tanggal_penilaian` date DEFAULT NULL,
  `nim` varchar(15) CHARACTER SET utf8mb4 COLLATE utf8mb4_unicode_ci DEFAULT NULL,
  `nidn` varchar(15) CHARACTER SET utf8mb4 COLLATE utf8mb4_unicode_ci DEFAULT NULL,
  `tahun_ajaran` varchar(50) CHARACTER SET utf8mb4 COLLATE utf8mb4_general_ci DEFAULT NULL,
  `created_at` timestamp NULL DEFAULT NULL,
  `updated_at` timestamp NULL DEFAULT NULL,
  `tahun_ajaran_id` bigint UNSIGNED NOT NULL,
  `perkuliahan_id` bigint UNSIGNED NOT NULL
) ENGINE=InnoDB DEFAULT CHARSET=utf8mb4 COLLATE=utf8mb4_general_ci ROW_FORMAT=DYNAMIC;

--
-- Dumping data for table `penilaian`
--

INSERT INTO `penilaian` (`id`, `tanggal_penilaian`, `nim`, `nidn`, `tahun_ajaran`, `created_at`, `updated_at`, `tahun_ajaran_id`, `perkuliahan_id`) VALUES
(1, '2024-07-15', '2255201110001', '1126038901', '2023/2024', '2024-07-15 15:54:09', '2024-07-15 15:54:09', 6, 16),
(2, '2024-07-15', '2255201110001', '1117029001', '2023/2024', '2024-07-15 15:54:23', '2024-07-15 15:54:23', 6, 22),
(3, '2024-07-15', '2255201110001', '1117029001', '2023/2024', '2024-07-15 15:54:36', '2024-07-15 15:54:36', 6, 23),
(4, '2024-07-15', '2255201110001', '1130099001', '2023/2024', '2024-07-15 15:54:51', '2024-07-15 15:54:51', 6, 29),
(5, '2024-07-15', '2255201110001', '1112068401', '2023/2024', '2024-07-15 15:55:06', '2024-07-15 15:55:06', 6, 31),
(6, '2024-07-15', '2255201110008', '1126038901', '2023/2024', '2024-07-15 15:55:35', '2024-07-15 15:55:35', 6, 16),
(7, '2024-07-15', '2255201110008', '1117029001', '2023/2024', '2024-07-15 15:55:48', '2024-07-15 15:55:48', 6, 22),
(8, '2024-07-15', '2255201110008', '1117029001', '2023/2024', '2024-07-15 15:56:04', '2024-07-15 15:56:04', 6, 23),
(9, '2024-07-15', '2255201110008', '1130099001', '2023/2024', '2024-07-15 15:56:24', '2024-07-15 15:56:24', 6, 29),
(10, '2024-07-15', '2255201110008', '1112068401', '2023/2024', '2024-07-15 15:56:40', '2024-07-15 15:56:40', 6, 31),
(11, '2024-07-15', '2255201110010', '1126038901', '2023/2024', '2024-07-15 15:57:14', '2024-07-15 15:57:14', 6, 16),
(12, '2024-07-15', '2255201110010', '1117029001', '2023/2024', '2024-07-15 15:57:30', '2024-07-15 15:57:30', 6, 22),
(13, '2024-07-15', '2255201110010', '1117029001', '2023/2024', '2024-07-15 15:57:44', '2024-07-15 15:57:44', 6, 23),
(14, '2024-07-15', '2255201110010', '1130099001', '2023/2024', '2024-07-15 15:57:58', '2024-07-15 15:57:58', 6, 29),
(15, '2024-07-15', '2255201110010', '1112068401', '2023/2024', '2024-07-15 15:58:15', '2024-07-15 15:58:15', 6, 31),
(16, '2024-07-16', '2255201110018', '1126038901', '2023/2024', '2024-07-15 16:00:06', '2024-07-15 16:00:06', 6, 16),
(17, '2024-07-16', '2255201110018', '1117029001', '2023/2024', '2024-07-15 16:00:23', '2024-07-15 16:00:23', 6, 22),
(18, '2024-07-16', '2255201110018', '1117029001', '2023/2024', '2024-07-15 16:00:38', '2024-07-15 16:00:38', 6, 23),
(19, '2024-07-16', '2255201110018', '1130099001', '2023/2024', '2024-07-15 16:00:53', '2024-07-15 16:00:53', 6, 29),
(20, '2024-07-16', '2255201110018', '1112068401', '2023/2024', '2024-07-15 16:01:08', '2024-07-15 16:01:08', 6, 31),
(21, '2024-07-16', '2255201110010', '1126107902', '2023/2024', '2024-07-15 21:00:14', '2024-07-15 21:00:14', 8, 66),
(22, '2024-07-16', '2255201110010', '1126107902', '2023/2024', '2024-07-15 21:00:30', '2024-07-15 21:00:30', 8, 67),
(23, '2024-07-16', '2255201110010', '1130099001', '2023/2024', '2024-07-15 21:00:46', '2024-07-15 21:00:46', 8, 68),
(24, '2024-07-16', '2255201110010', '1130099001', '2023/2024', '2024-07-15 21:01:00', '2024-07-15 21:01:00', 8, 69),
(25, '2024-07-16', '2255201110010', '1117029001', '2023/2024', '2024-07-15 21:01:14', '2024-07-15 21:01:14', 8, 70),
(26, '2024-07-16', '2255201110010', '1117029001', '2023/2024', '2024-07-15 21:01:28', '2024-07-15 21:01:28', 8, 71),
(27, '2024-07-16', '2255201110018', '1126107902', '2023/2024', '2024-07-15 21:02:31', '2024-07-15 21:02:31', 8, 66),
(28, '2024-07-16', '2255201110018', '1126107902', '2023/2024', '2024-07-15 21:02:46', '2024-07-15 21:02:46', 8, 67),
(29, '2024-07-16', '2255201110018', '1130099001', '2023/2024', '2024-07-15 21:02:59', '2024-07-15 21:02:59', 8, 68),
(30, '2024-07-16', '2255201110018', '1130099001', '2023/2024', '2024-07-15 21:03:20', '2024-07-15 21:03:20', 8, 69),
(31, '2024-07-16', '2255201110018', '1117029001', '2023/2024', '2024-07-15 21:03:40', '2024-07-15 21:03:40', 8, 70),
(32, '2024-07-16', '2255201110018', '1117029001', '2023/2024', '2024-07-15 21:03:54', '2024-07-15 21:03:54', 8, 71),
(33, '2024-07-16', '2255201110026', '1104078601', '2023/2024', '2024-07-15 21:45:05', '2024-07-15 21:45:05', 6, 35),
(34, '2024-07-16', '2255201110026', '1104078601', '2023/2024', '2024-07-15 21:45:18', '2024-07-15 21:45:18', 6, 36),
(35, '2024-07-16', '2255201110026', '1126038901', '2023/2024', '2024-07-15 21:45:35', '2024-07-15 21:45:35', 6, 39),
(36, '2024-07-16', '2255201110026', '1103029002', '2023/2024', '2024-07-15 21:45:50', '2024-07-15 21:45:50', 6, 42),
(37, '2024-07-16', '2255201110026', '1112068401', '2023/2024', '2024-07-15 21:46:07', '2024-07-15 21:46:07', 6, 43),
(38, '2024-07-16', '2255201110028', '1104078601', '2023/2024', '2024-07-15 21:46:34', '2024-07-15 21:46:34', 6, 35),
(39, '2024-07-16', '2255201110028', '1104078601', '2023/2024', '2024-07-15 21:46:47', '2024-07-15 21:46:47', 6, 36),
(40, '2024-07-16', '2255201110028', '1104078601', '2023/2024', '2024-07-15 21:46:48', '2024-07-15 21:46:48', 6, 36),
(41, '2024-07-16', '2255201110028', '1104078601', '2023/2024', '2024-07-15 21:47:01', '2024-07-15 21:47:01', 6, 38),
(42, '2024-07-16', '2255201110028', '1104078601', '2023/2024', '2024-07-15 21:47:14', '2024-07-15 21:47:14', 6, 41),
(43, '2024-07-16', '2255201110028', '1103029002', '2023/2024', '2024-07-15 21:47:27', '2024-07-15 21:47:27', 6, 42),
(44, '2024-07-17', '2255201110015', '1126038901', '2023/2024', '2024-07-17 14:53:55', '2024-07-17 14:53:55', 6, 16),
(45, '2024-07-17', '2255201110015', '1117029001', '2023/2024', '2024-07-17 14:54:11', '2024-07-17 14:54:11', 6, 22),
(46, '2024-07-17', '2255201110015', '1117029001', '2023/2024', '2024-07-17 14:54:26', '2024-07-17 14:54:26', 6, 23),
(47, '2024-07-17', '2255201110015', '1130099001', '2023/2024', '2024-07-17 14:54:40', '2024-07-17 14:54:40', 6, 29),
(48, '2024-07-17', '2255201110015', '1112068401', '2023/2024', '2024-07-17 14:54:57', '2024-07-17 14:54:57', 6, 31),
(49, '2024-07-17', '2255201110031', '1104078601', '2022/2023', '2024-07-17 15:41:28', '2024-07-17 15:41:28', 9, 74),
(50, '2024-07-17', '2255201110032', '1104078601', '2022/2023', '2024-07-17 15:42:19', '2024-07-17 15:42:19', 9, 74),
(51, '2024-07-17', '2255201110026', '1104078601', '2022/2023', '2024-07-17 15:43:06', '2024-07-17 15:43:06', 9, 74),
(52, '2024-07-17', '2255201110034', '1104078601', '2022/2023', '2024-07-17 15:43:49', '2024-07-17 15:43:49', 9, 74),
(53, '2024-07-17', '2255201210038', '1104078601', '2022/2023', '2024-07-17 15:44:31', '2024-07-17 15:44:31', 9, 74),
(54, '2024-07-17', '2155201110032', '238007027', '2022/2023', '2024-07-17 15:48:58', '2024-07-17 15:48:58', 9, 75),
(55, '2024-07-17', '2155201110032', '1129097901', '2022/2023', '2024-07-17 15:49:34', '2024-07-17 15:49:34', 9, 76),
(56, '2024-07-17', '2155201110032', '1126107902', '2022/2023', '2024-07-17 15:50:10', '2024-07-17 15:50:10', 9, 78),
(57, '2024-07-17', '2155201110032', '1130099001', '2022/2023', '2024-07-17 15:50:46', '2024-07-17 15:50:46', 9, 79),
(58, '2024-07-17', '2155201110029', '238007027', '2022/2023', '2024-07-17 15:51:57', '2024-07-17 15:51:57', 9, 75),
(59, '2024-07-17', '2155201110029', '1129097901', '2022/2023', '2024-07-17 15:53:17', '2024-07-17 15:53:17', 9, 76),
(60, '2024-07-17', '2155201110029', '1126107902', '2022/2023', '2024-07-17 15:54:05', '2024-07-17 15:54:05', 9, 78),
(61, '2024-07-17', '2155201110029', '1130099001', '2022/2023', '2024-07-17 15:54:48', '2024-07-17 15:54:48', 9, 79),
(62, '2024-07-17', '2155201110027', '238007027', '2022/2023', '2024-07-17 15:55:46', '2024-07-17 15:55:46', 9, 75),
(63, '2024-07-17', '2155201110027', '1129097901', '2022/2023', '2024-07-17 15:56:24', '2024-07-17 15:56:24', 9, 76),
(64, '2024-07-17', '2155201110027', '1126107902', '2022/2023', '2024-07-17 15:56:55', '2024-07-17 15:56:55', 9, 78),
(65, '2024-07-17', '2155201110027', '1130099001', '2022/2023', '2024-07-17 15:57:32', '2024-07-17 15:57:32', 9, 79),
(66, '2024-07-17', '2155201110026', '238007027', '2022/2023', '2024-07-17 15:58:35', '2024-07-17 15:58:35', 9, 75),
(67, '2024-07-17', '2155201110026', '1129097901', '2022/2023', '2024-07-17 15:58:59', '2024-07-17 15:58:59', 9, 76),
(68, '2024-07-17', '2155201110026', '1126107902', '2022/2023', '2024-07-17 15:59:47', '2024-07-17 15:59:47', 9, 78),
(69, '2024-07-18', '2155201110026', '1130099001', '2022/2023', '2024-07-17 16:00:21', '2024-07-17 16:00:21', 9, 79),
(70, '2024-07-18', '2155201110035', '238007027', '2022/2023', '2024-07-17 16:01:14', '2024-07-17 16:01:14', 9, 75),
(71, '2024-07-18', '2155201110035', '1129097901', '2022/2023', '2024-07-17 16:01:32', '2024-07-17 16:01:32', 9, 76),
(72, '2024-07-18', '2155201110035', '1126107902', '2022/2023', '2024-07-17 16:02:02', '2024-07-17 16:02:02', 9, 78),
(73, '2024-07-18', '2155201110035', '1130099001', '2022/2023', '2024-07-17 16:02:41', '2024-07-17 16:02:41', 9, 79),
(74, '2024-07-18', '2055201110031', '1103029002', '2022/2023', '2024-07-17 16:07:25', '2024-07-17 16:07:25', 9, 73),
(75, '2024-07-18', '2055201110031', '1112068401', '2022/2023', '2024-07-17 16:07:58', '2024-07-17 16:07:58', 9, 77),
(76, '2024-07-18', '2055201110038', '1103029002', '2022/2023', '2024-07-17 16:09:03', '2024-07-17 16:09:03', 9, 73),
(77, '2024-07-18', '2055201110038', '1112068401', '2022/2023', '2024-07-17 16:09:48', '2024-07-17 16:09:48', 9, 77),
(78, '2024-07-18', '2055201110033', '1103029002', '2022/2023', '2024-07-17 16:10:52', '2024-07-17 16:10:52', 9, 73),
(79, '2024-07-18', '2055201110033', '1112068401', '2022/2023', '2024-07-17 16:11:19', '2024-07-17 16:11:19', 9, 77),
(80, '2024-07-18', '2055201110030', '1103029002', '2022/2023', '2024-07-17 16:12:29', '2024-07-17 16:12:29', 9, 73),
(81, '2024-07-18', '2055201110030', '1112068401', '2022/2023', '2024-07-17 16:13:07', '2024-07-17 16:13:07', 9, 77),
(82, '2024-07-18', '2055201110039', '1103029002', '2022/2023', '2024-07-17 16:14:18', '2024-07-17 16:14:18', 9, 73),
(83, '2024-07-18', '2055201110039', '1112068401', '2022/2023', '2024-07-17 16:14:43', '2024-07-17 16:14:43', 9, 77),
(91, '2024-08-03', '2255201110001', '1129097901', '2023/2024', '2024-08-02 17:48:27', '2024-08-02 17:48:27', 8, 61),
(92, '2024-08-07', '2255201110001', '1130099001', '2023/2024', '2024-08-06 17:42:36', '2024-08-06 17:42:36', 8, 64),
(93, '2024-08-07', '2255201110002', '1130099001', '2023/2024', '2024-08-06 17:43:49', '2024-08-06 17:43:49', 8, 64);

-- --------------------------------------------------------

--
-- Table structure for table `perkuliahan`
--

CREATE TABLE `perkuliahan` (
  `id` bigint UNSIGNED NOT NULL,
  `kelas` varchar(255) CHARACTER SET utf8mb4 COLLATE utf8mb4_general_ci NOT NULL,
  `nidn` varchar(15) CHARACTER SET utf8mb4 COLLATE utf8mb4_unicode_ci DEFAULT NULL,
  `tahun_ajaran_id` bigint UNSIGNED NOT NULL,
  `kode` varchar(9) CHARACTER SET utf8mb3 COLLATE utf8mb3_general_ci DEFAULT NULL,
  `created_at` timestamp NULL DEFAULT NULL,
  `updated_at` timestamp NULL DEFAULT NULL
) ENGINE=InnoDB DEFAULT CHARSET=utf8mb4 COLLATE=utf8mb4_general_ci;

--
-- Dumping data for table `perkuliahan`
--

INSERT INTO `perkuliahan` (`id`, `kelas`, `nidn`, `tahun_ajaran_id`, `kode`, `created_at`, `updated_at`) VALUES
(1, '1103019003', '1103019003', 6, '21UMB0003', '2024-07-15 10:04:29', '2024-07-15 10:04:29'),
(2, '1107069002', '1107069002', 6, '21UMB0007', '2024-07-15 10:28:39', '2024-07-15 10:28:39'),
(3, '1126038901', '1126038901', 6, '21INF1204', '2024-07-15 10:30:10', '2024-07-15 10:30:10'),
(5, '0007118502', '7118502', 6, '21FTK0001', '2024-07-15 10:34:26', '2024-07-15 10:34:26'),
(6, '1126038901', '1126038901', 6, '21INF1203', '2024-07-15 10:35:13', '2024-07-15 10:35:13'),
(7, '1126107902', '1126107902', 6, '21INF1201', '2024-07-15 10:35:58', '2024-07-15 10:35:58'),
(8, '1126038901', '1126038901', 6, 'INF1202', '2024-07-15 10:38:01', '2024-07-15 10:38:01'),
(9, '1126038901', '1126038901', 6, '21INF1205', '2024-07-15 10:39:31', '2024-07-15 10:39:31'),
(10, '1130099001', '1130099001', 6, '21INF1206', '2024-07-15 10:40:02', '2024-07-15 10:40:02'),
(11, '1130099001', '1130099001', 6, '21INF1202', '2024-07-15 10:40:23', '2024-07-15 10:40:23'),
(12, '1104078601', '1104078601', 6, 'INF1203', '2024-07-15 10:44:03', '2024-07-15 10:44:03'),
(13, '1129097901', '1129097901', 6, '21UMB0002', '2024-07-15 10:47:04', '2024-07-15 10:47:04'),
(14, '1107069002', '1107069002', 6, '21UMB0009', '2024-07-15 10:47:45', '2024-07-15 10:47:45'),
(15, '1112068401', '1112068401', 6, '21FTK0003', '2024-07-15 10:50:46', '2024-07-15 10:50:46'),
(16, '1126038901', '1126038901', 6, '21INF3202', '2024-07-15 10:51:18', '2024-07-15 10:51:18'),
(17, '1129097901', '1129097901', 6, '21INF3204', '2024-07-15 10:51:56', '2024-07-15 10:51:56'),
(18, '1110088901', '1110088901', 6, '21INF3201', '2024-07-15 10:52:44', '2024-07-15 10:52:44'),
(19, '1103029002', '1103029002', 6, 'INF3214', '2024-07-15 10:54:07', '2024-07-15 10:54:07'),
(20, '1130099001', '1130099001', 6, 'INF3213', '2024-07-15 10:56:31', '2024-07-15 10:56:31'),
(21, '1103029002', '1103029002', 6, '21INF3208', '2024-07-15 10:57:27', '2024-07-15 10:57:27'),
(22, '1117029001', '1117029001', 6, '21INF3205', '2024-07-15 10:58:32', '2024-07-15 10:58:32'),
(23, '1117029001', '1117029001', 6, '21INF3206', '2024-07-15 10:58:53', '2024-07-15 10:58:53'),
(24, '1104078601', '1104078601', 6, 'INF3216', '2024-07-15 11:03:15', '2024-07-15 11:03:15'),
(25, '1104078601', '1104078601', 6, 'INF3218', '2024-07-15 11:04:34', '2024-07-15 11:04:34'),
(27, '1129097901', '1129097901', 6, 'INF3215', '2024-07-15 11:08:57', '2024-07-15 11:08:57'),
(28, '1129097901', '1129097901', 6, 'INF3217', '2024-07-15 11:09:40', '2024-07-15 11:09:40'),
(29, '1130099001', '1130099001', 6, 'INF3211', '2024-07-15 11:12:02', '2024-07-15 11:12:02'),
(30, '1129097901', '1129097901', 6, '21INF3203', '2024-07-15 11:12:33', '2024-07-15 11:12:33'),
(31, '1112068401', '1112068401', 6, 'INF3212', '2024-07-15 11:13:37', '2024-07-15 11:13:37'),
(32, '1129097901', '1129097901', 6, '21UMB0005', '2024-07-15 15:03:32', '2024-07-15 15:03:32'),
(33, '1112068401', '1112068401', 6, '21INF5201', '2024-07-15 15:06:21', '2024-07-15 15:06:21'),
(34, '1112068401', '1112068401', 6, 'INF5229', '2024-07-15 15:06:36', '2024-07-15 15:06:36'),
(35, '1104078601', '1104078601', 6, '21INF5204', '2024-07-15 15:07:01', '2024-07-15 15:07:01'),
(36, '1104078601', '1104078601', 6, '21INF5205', '2024-07-15 15:07:37', '2024-07-15 15:07:37'),
(37, '1104078601', '1104078601', 6, 'INF5234', '2024-07-15 15:09:47', '2024-07-15 15:09:47'),
(38, '1104078601', '1104078601', 6, 'INF5236', '2024-07-15 15:10:01', '2024-07-15 15:10:01'),
(39, '1126038901', '1126038901', 6, 'INF5230', '2024-07-15 15:11:30', '2024-07-15 15:11:30'),
(40, '1104078601', '1104078601', 6, 'INF5231', '2024-07-15 15:11:49', '2024-07-15 15:11:49'),
(41, '1104078601', '1104078601', 6, '21INF5208', '2024-07-15 15:12:12', '2024-07-15 15:12:12'),
(42, '1103029002', '1103029002', 6, '21INF5206', '2024-07-15 15:12:38', '2024-07-15 15:12:38'),
(43, '1112068401', '1112068401', 6, '21INF5207', '2024-07-15 15:13:00', '2024-07-15 15:13:00'),
(46, '1130099001', '1130099001', 6, 'INF5232', '2024-07-15 15:18:43', '2024-07-15 15:18:43'),
(47, '1130099001', '1130099001', 6, 'INF5235', '2024-07-15 15:18:59', '2024-07-15 15:18:59'),
(48, '2021048904', '2021048904', 6, '21INF5203', '2024-07-15 15:19:42', '2024-07-15 15:19:42'),
(49, '1129097901', '1129097901', 6, 'INF5233', '2024-07-15 15:22:56', '2024-07-15 15:22:56'),
(50, '1130099001', '1130099001', 6, '21INF3207', '2024-07-15 15:25:49', '2024-07-15 15:25:49'),
(51, '1112068401', '1112068401', 6, '21INF5202', '2024-07-15 15:26:40', '2024-07-15 15:26:40'),
(52, '1112068401', '1112068401', 6, '21INF7201', '2024-07-15 15:28:37', '2024-07-15 15:28:37'),
(53, '1104078601', '1104078601', 6, '21INF7202', '2024-07-15 15:29:01', '2024-07-15 15:29:01'),
(54, '1103029002', '1103029002', 6, '21INF6206', '2024-07-15 15:30:45', '2024-07-15 15:30:45'),
(55, '1104078601', '1104078601', 6, 'INF7255', '2024-07-15 15:36:35', '2024-07-15 15:36:35'),
(56, '1126038901', '1126038901', 6, 'INF7253', '2024-07-15 15:36:59', '2024-07-15 15:36:59'),
(57, '1129097901', '1129097901', 6, 'INF7247', '2024-07-15 15:37:18', '2024-07-15 15:37:18'),
(58, '1129097901', '1129097901', 6, 'INF7250', '2024-07-15 15:37:46', '2024-07-15 15:37:46'),
(59, '1109098501', '1109098501', 6, 'INF7254', '2024-07-15 15:38:41', '2024-07-15 15:38:41'),
(60, '1103029002', '1103029002', 6, 'INF7256', '2024-07-15 15:39:48', '2024-07-15 15:39:48'),
(61, '1129097901', '1129097901', 8, '21UMB0001', '2024-07-15 20:46:06', '2024-07-15 20:46:06'),
(62, '1107069002', '1107069002', 8, '21UMB0008', '2024-07-15 20:46:29', '2024-07-15 20:46:29'),
(63, '21INF2201', '1112068401', 8, '21INF2201', '2024-07-15 20:47:03', '2024-07-15 20:47:03'),
(64, '1130099001', '1130099001', 8, '21INF2202', '2024-07-15 20:50:09', '2024-07-15 20:50:09'),
(65, '1130099001', '1130099001', 8, '21INF2203', '2024-07-15 20:50:26', '2024-07-15 20:50:26'),
(66, '1126107902', '1126107902', 8, '21INF4201', '2024-07-15 20:54:17', '2024-07-15 20:54:17'),
(67, '1126107902', '1126107902', 8, '21INF4202', '2024-07-15 20:54:39', '2024-07-15 20:54:39'),
(68, '1130099001', '1130099001', 8, '21INF4208', '2024-07-15 20:55:09', '2024-07-15 20:55:09'),
(69, '1130099001', '1130099001', 8, '21INF4207', '2024-07-15 20:55:28', '2024-07-15 20:55:28'),
(70, '1117029001', '1117029001', 8, '21INF4203', '2024-07-15 20:56:17', '2024-07-15 20:56:17'),
(71, '1117029001', '1117029001', 8, '21INF4202', '2024-07-15 20:56:32', '2024-07-15 20:56:32'),
(73, '238007021', '1103029002', 9, 'INF5232', '2024-07-17 15:03:48', '2024-07-17 15:03:48'),
(74, '1104078601', '1104078601', 9, '21INF1202', '2024-07-17 15:05:39', '2024-07-17 15:05:39'),
(75, '238007027', '238007027', 9, '21FTK0003', '2024-07-17 15:24:36', '2024-07-17 15:24:36'),
(76, '1129097901', '1129097901', 9, '21INF3204', '2024-07-17 15:26:21', '2024-07-17 15:26:21'),
(77, '1112068401', '1112068401', 9, '21INF5201', '2024-07-17 15:26:43', '2024-07-17 15:26:43'),
(78, '1126107902', '1126107902', 9, 'INF3213', '2024-07-17 15:28:23', '2024-07-17 15:28:23'),
(79, '1130099001', '1130099001', 9, '21INF3207', '2024-07-17 15:29:28', '2024-07-17 15:29:28');

-- --------------------------------------------------------

--
-- Table structure for table `rank`
--

CREATE TABLE `rank` (
  `id` bigint NOT NULL,
  `rank` double DEFAULT NULL,
  `created_at` timestamp NULL DEFAULT CURRENT_TIMESTAMP,
  `updated_at` timestamp NULL DEFAULT CURRENT_TIMESTAMP,
  `perkuliahan_id` bigint DEFAULT NULL,
  `rank_mhs` double DEFAULT NULL,
  `rank_upm` double DEFAULT NULL,
  `validasi` tinyint(1) DEFAULT '0'
) ENGINE=InnoDB DEFAULT CHARSET=utf8mb4 COLLATE=utf8mb4_general_ci ROW_FORMAT=DYNAMIC;

--
-- Dumping data for table `rank`
--

INSERT INTO `rank` (`id`, `rank`, `created_at`, `updated_at`, `perkuliahan_id`, `rank_mhs`, `rank_upm`, `validasi`) VALUES
(147, 83, '2024-07-17 19:54:05', '2024-07-17 19:54:05', 36, NULL, NULL, 0),
(149, 26.010028860029, '2024-07-17 19:54:05', '2024-07-17 19:54:05', 43, NULL, NULL, 0),
(150, 27.397402597403, '2024-07-17 19:54:05', '2024-07-17 19:54:05', 41, NULL, NULL, 0),
(151, 26.672366522367, '2024-07-17 19:54:05', '2024-07-17 19:54:05', 39, NULL, NULL, 0),
(152, 27.664069264069, '2024-07-17 19:54:05', '2024-07-17 19:54:05', 38, NULL, NULL, 0),
(155, 76.417973856209, '2024-07-17 19:55:02', '2024-07-17 19:55:02', 23, NULL, NULL, 0),
(189, 70.886589635854, '2024-07-17 21:33:45', '2024-07-17 21:33:45', 16, NULL, NULL, 0),
(190, 79.704563492063, '2024-07-17 21:33:45', '2024-07-17 21:33:45', 22, NULL, NULL, 0),
(191, 78.289460784314, '2024-07-17 21:33:45', '2024-07-17 21:33:45', 29, NULL, NULL, 0),
(192, 68.79450280112, '2024-07-17 21:33:45', '2024-07-17 21:33:45', 31, NULL, NULL, 0),
(193, 34.120343137255, '2024-07-17 21:33:45', '2024-07-17 21:33:45', 35, NULL, NULL, 0),
(194, 32.564204014939, '2024-07-17 21:33:45', '2024-07-17 21:33:45', 42, NULL, NULL, 0),
(220, 91.637229102167, '2024-07-21 23:31:58', '2024-07-21 23:31:58', 74, NULL, NULL, 0),
(221, 84.701040591675, '2024-07-21 23:31:58', '2024-07-21 23:31:58', 75, NULL, NULL, 0),
(222, 89.043333210477, '2024-07-21 23:31:58', '2024-07-21 23:31:58', 76, NULL, NULL, 0),
(223, 86.443179640277, '2024-07-21 23:31:58', '2024-07-21 23:31:58', 78, NULL, NULL, 0),
(224, 87.884931077694, '2024-07-21 23:31:58', '2024-07-21 23:31:58', 79, NULL, NULL, 0),
(225, 98.642857142857, '2024-07-21 23:31:58', '2024-07-21 23:31:58', 73, NULL, NULL, 0),
(226, 85.049187306502, '2024-07-21 23:31:58', '2024-07-21 23:31:58', 77, NULL, NULL, 0),
(435, 52.714285714286, '2024-08-07 06:40:35', '2024-08-06 23:00:27', 61, 52.714285714286, 0, 0),
(436, 67.535714285714, '2024-08-07 06:40:36', '2024-08-06 23:00:28', 64, 51.535714285714, 16, 0),
(437, 72.214285714286, '2024-08-07 06:40:36', '2024-08-06 23:00:28', 66, 72.214285714286, 0, 0),
(438, 74.375, '2024-08-07 06:40:36', '2024-08-06 23:00:28', 67, 74.375, 0, 0),
(439, 60.25, '2024-08-07 06:40:36', '2024-08-06 23:00:28', 68, 60.25, 0, 0),
(440, 77.25, '2024-08-07 06:40:36', '2024-08-06 23:00:28', 69, 77.25, 0, 0),
(441, 70.071428571429, '2024-08-07 06:40:36', '2024-08-06 23:00:28', 70, 70.071428571429, 0, 0),
(442, 64.928571428571, '2024-08-07 06:40:36', '2024-08-06 23:00:28', 71, 64.928571428571, 0, 0);

-- --------------------------------------------------------

--
-- Table structure for table `skalanilai`
--

CREATE TABLE `skalanilai` (
  `kriteria` varchar(92) CHARACTER SET utf8mb3 COLLATE utf8mb3_general_ci DEFAULT NULL,
  `subkriteria` varchar(25) CHARACTER SET utf8mb3 COLLATE utf8mb3_general_ci DEFAULT NULL,
  `nilai` varchar(1) CHARACTER SET utf8mb3 COLLATE utf8mb3_general_ci DEFAULT NULL,
  `created_at` timestamp NULL DEFAULT CURRENT_TIMESTAMP,
  `updated_at` timestamp NULL DEFAULT CURRENT_TIMESTAMP
) ENGINE=InnoDB DEFAULT CHARSET=utf8mb3 ROW_FORMAT=DYNAMIC;

--
-- Dumping data for table `skalanilai`
--

INSERT INTO `skalanilai` (`kriteria`, `subkriteria`, `nilai`, `created_at`, `updated_at`) VALUES
('Rencana Pembelajaran Semester (RPS)/ Silabus, materi perkuliahan dan alat bantu pembelajaran', 'Kurang Baik', '1', '0000-00-00 00:00:00', '0000-00-00 00:00:00'),
('Rencana Pembelajaran Semester (RPS)/ Silabus, materi perkuliahan dan alat bantu pembelajaran', 'Cukup Baik', '2', '0000-00-00 00:00:00', '0000-00-00 00:00:00'),
('Rencana Pembelajaran Semester (RPS)/ Silabus, materi perkuliahan dan alat bantu pembelajaran', 'Baik ', '3', '0000-00-00 00:00:00', '0000-00-00 00:00:00'),
('Rencana Pembelajaran Semester (RPS)/ Silabus, materi perkuliahan dan alat bantu pembelajaran', 'Baik Sekali', '4', '0000-00-00 00:00:00', '0000-00-00 00:00:00'),
('Bagaimana penyampaian RPS oleh Dosen', 'Kurang Baik', '1', '0000-00-00 00:00:00', '0000-00-00 00:00:00'),
('Bagaimana penyampaian RPS oleh Dosen', 'Cukup Baik', '2', '0000-00-00 00:00:00', '0000-00-00 00:00:00'),
('Bagaimana penyampaian RPS oleh Dosen', 'Baik ', '3', '0000-00-00 00:00:00', '0000-00-00 00:00:00'),
('Bagaimana penyampaian RPS oleh Dosen', 'Baik Sekali', '4', '0000-00-00 00:00:00', '0000-00-00 00:00:00'),
('Dosen menetapkan atau menginformasikan tata tertib dan ketentuan akademis', 'Tidak Pernah', '1', '0000-00-00 00:00:00', '0000-00-00 00:00:00'),
('Dosen menetapkan atau menginformasikan tata tertib dan ketentuan akademis', 'Jarang', '2', '0000-00-00 00:00:00', '0000-00-00 00:00:00'),
('Dosen menetapkan atau menginformasikan tata tertib dan ketentuan akademis', 'Kadang-kadang', '3', '0000-00-00 00:00:00', '0000-00-00 00:00:00'),
('Dosen menetapkan atau menginformasikan tata tertib dan ketentuan akademis', 'Selalu', '4', '0000-00-00 00:00:00', '0000-00-00 00:00:00'),
('Dosen menyiapkan atau membawa berita acara atau jurnal perkuliahan', 'Tidak Pernah', '1', '0000-00-00 00:00:00', '0000-00-00 00:00:00'),
('Dosen menyiapkan atau membawa berita acara atau jurnal perkuliahan', 'Jarang', '2', '0000-00-00 00:00:00', '0000-00-00 00:00:00'),
('Dosen menyiapkan atau membawa berita acara atau jurnal perkuliahan', 'Kadang-kadang', '3', '0000-00-00 00:00:00', '0000-00-00 00:00:00'),
('Dosen menyiapkan atau membawa berita acara atau jurnal perkuliahan', 'Selalu', '4', '0000-00-00 00:00:00', '0000-00-00 00:00:00'),
('Kuliah dilengkapi dengan bahan ajar dalam setiap pertemuan', 'Tidak Pernah', '1', '0000-00-00 00:00:00', '0000-00-00 00:00:00'),
('Kuliah dilengkapi dengan bahan ajar dalam setiap pertemuan', 'Jarang', '2', '0000-00-00 00:00:00', '0000-00-00 00:00:00'),
('Kuliah dilengkapi dengan bahan ajar dalam setiap pertemuan', 'Kadang-kadang', '3', '0000-00-00 00:00:00', '0000-00-00 00:00:00'),
('Kuliah dilengkapi dengan bahan ajar dalam setiap pertemuan', 'Selalu', '4', '0000-00-00 00:00:00', '0000-00-00 00:00:00'),
('Dosen melaksanakan perkuliahan tepat waktu', 'Kurang Baik', '1', '0000-00-00 00:00:00', '0000-00-00 00:00:00'),
('Dosen melaksanakan perkuliahan tepat waktu', 'Cukup Baik', '2', '0000-00-00 00:00:00', '0000-00-00 00:00:00'),
('Dosen melaksanakan perkuliahan tepat waktu', 'Baik ', '3', '0000-00-00 00:00:00', '0000-00-00 00:00:00'),
('Dosen melaksanakan perkuliahan tepat waktu', 'Baik Sekali', '4', '0000-00-00 00:00:00', '0000-00-00 00:00:00'),
('Penyampaian Dosen dalam perkuliahan offline', 'Kurang Baik', '1', '0000-00-00 00:00:00', '0000-00-00 00:00:00'),
('Penyampaian Dosen dalam perkuliahan offline', 'Cukup Baik', '2', '0000-00-00 00:00:00', '0000-00-00 00:00:00'),
('Penyampaian Dosen dalam perkuliahan offline', 'Baik ', '3', '0000-00-00 00:00:00', '0000-00-00 00:00:00'),
('Penyampaian Dosen dalam perkuliahan offline', 'Baik Sekali', '4', '0000-00-00 00:00:00', '0000-00-00 00:00:00'),
('Penyampaian Dosen dalam perkuliahan online', 'Kurang Baik', '1', '0000-00-00 00:00:00', '0000-00-00 00:00:00'),
('Penyampaian Dosen dalam perkuliahan online', 'Cukup Baik', '2', '0000-00-00 00:00:00', '0000-00-00 00:00:00'),
('Penyampaian Dosen dalam perkuliahan online', 'Baik ', '3', '0000-00-00 00:00:00', '0000-00-00 00:00:00'),
('Penyampaian Dosen dalam perkuliahan online', 'Baik Sekali', '4', '0000-00-00 00:00:00', '0000-00-00 00:00:00'),
('Penguasaan materi kuliah oleh dosen pada saat mengajar', 'Tidak Menguasai', '1', '0000-00-00 00:00:00', '0000-00-00 00:00:00'),
('Penguasaan materi kuliah oleh dosen pada saat mengajar', 'Kurang Menguasai', '2', '0000-00-00 00:00:00', '0000-00-00 00:00:00'),
('Penguasaan materi kuliah oleh dosen pada saat mengajar', 'Menguasai', '3', '0000-00-00 00:00:00', '0000-00-00 00:00:00'),
('Penguasaan materi kuliah oleh dosen pada saat mengajar', 'Sangat Menguasai', '4', '0000-00-00 00:00:00', '0000-00-00 00:00:00'),
('Kemampuan dosen dalam menciptakan suasana kelas yang kondusif', 'Tidak Mampu', '1', '0000-00-00 00:00:00', '0000-00-00 00:00:00'),
('Kemampuan dosen dalam menciptakan suasana kelas yang kondusif', 'Kurang Mampu', '2', '0000-00-00 00:00:00', '0000-00-00 00:00:00'),
('Kemampuan dosen dalam menciptakan suasana kelas yang kondusif', 'Cukup Mampu', '3', '0000-00-00 00:00:00', '0000-00-00 00:00:00'),
('Kemampuan dosen dalam menciptakan suasana kelas yang kondusif', 'Sangat Mampu', '4', '0000-00-00 00:00:00', '0000-00-00 00:00:00'),
('Dosen mendistribusikan materi perkuliahan', 'Tidak Pernah', '1', '0000-00-00 00:00:00', '0000-00-00 00:00:00'),
('Dosen mendistribusikan materi perkuliahan', 'Jarang', '2', '0000-00-00 00:00:00', '0000-00-00 00:00:00'),
('Dosen mendistribusikan materi perkuliahan', 'Kadang-kadang', '3', '0000-00-00 00:00:00', '0000-00-00 00:00:00'),
('Dosen mendistribusikan materi perkuliahan', 'Selalu', '4', '0000-00-00 00:00:00', '0000-00-00 00:00:00'),
('Interaksi dosen terhadap mahasiswa', 'Kaku', '1', '0000-00-00 00:00:00', '0000-00-00 00:00:00'),
('Interaksi dosen terhadap mahasiswa', 'Kurang Luwes', '2', '0000-00-00 00:00:00', '0000-00-00 00:00:00'),
('Interaksi dosen terhadap mahasiswa', 'Cukup Luwes', '3', '0000-00-00 00:00:00', '0000-00-00 00:00:00'),
('Interaksi dosen terhadap mahasiswa', 'Sangat Luwes', '4', '0000-00-00 00:00:00', '0000-00-00 00:00:00'),
('Kualitas Dosen dalam melaksanakan perkuliahan', 'Kurang Baik', '1', '0000-00-00 00:00:00', '0000-00-00 00:00:00'),
('Kualitas Dosen dalam melaksanakan perkuliahan', 'Cukup Baik', '2', '0000-00-00 00:00:00', '0000-00-00 00:00:00'),
('Kualitas Dosen dalam melaksanakan perkuliahan', 'Baik ', '3', '0000-00-00 00:00:00', '0000-00-00 00:00:00'),
('Kualitas Dosen dalam melaksanakan perkuliahan', 'Baik Sekali', '4', '0000-00-00 00:00:00', '0000-00-00 00:00:00'),
('Pemberian tugas sesuai dengan materi yang diberikan', 'Kurang Sesuai', '1', '0000-00-00 00:00:00', '0000-00-00 00:00:00'),
('Pemberian tugas sesuai dengan materi yang diberikan', 'Cukup Sesuai', '2', '0000-00-00 00:00:00', '0000-00-00 00:00:00'),
('Pemberian tugas sesuai dengan materi yang diberikan', 'Sesuai', '3', '0000-00-00 00:00:00', '0000-00-00 00:00:00'),
('Pemberian tugas sesuai dengan materi yang diberikan', 'Sangat Sesuai', '4', '0000-00-00 00:00:00', '0000-00-00 00:00:00'),
('Dosen melaksanakan UTS/UAS sesuai dengan waktu yang telah ditetapkan/kalender akademik', 'Kurang Sesuai', '1', '0000-00-00 00:00:00', '0000-00-00 00:00:00'),
('Dosen melaksanakan UTS/UAS sesuai dengan waktu yang telah ditetapkan/kalender akademik', 'Cukup Sesuai', '2', '0000-00-00 00:00:00', '0000-00-00 00:00:00'),
('Dosen melaksanakan UTS/UAS sesuai dengan waktu yang telah ditetapkan/kalender akademik', 'Sesuai', '3', '0000-00-00 00:00:00', '0000-00-00 00:00:00'),
('Dosen melaksanakan UTS/UAS sesuai dengan waktu yang telah ditetapkan/kalender akademik', 'Sangat Sesuai', '4', '0000-00-00 00:00:00', '0000-00-00 00:00:00'),
('Obyektifitas dalam memberikan nilai kepada mahasiswa', 'Subjektif/Tidak Objektif ', '1', '0000-00-00 00:00:00', '0000-00-00 00:00:00'),
('Obyektifitas dalam memberikan nilai kepada mahasiswa', 'Kurang  Objektif ', '2', '0000-00-00 00:00:00', '0000-00-00 00:00:00'),
('Obyektifitas dalam memberikan nilai kepada mahasiswa', 'Cukup Objektif ', '3', '0000-00-00 00:00:00', '0000-00-00 00:00:00'),
('Obyektifitas dalam memberikan nilai kepada mahasiswa', 'Sangat Objektif ', '4', '0000-00-00 00:00:00', '0000-00-00 00:00:00'),
('Transparansi dalam pemberian nilai UTS/UAS', 'Tidak Transparansi ', '1', '0000-00-00 00:00:00', '0000-00-00 00:00:00'),
('Transparansi dalam pemberian nilai UTS/UAS', 'Sangat Transparansi ', '2', '0000-00-00 00:00:00', '0000-00-00 00:00:00'),
('Kesesuaian antara materi yang diujikan dengan materi yang disampaikan', 'Kurang Sesuai', '1', '0000-00-00 00:00:00', '0000-00-00 00:00:00'),
('Kesesuaian antara materi yang diujikan dengan materi yang disampaikan', 'Cukup Sesuai', '2', '0000-00-00 00:00:00', '0000-00-00 00:00:00'),
('Kesesuaian antara materi yang diujikan dengan materi yang disampaikan', 'Sesuai', '3', '0000-00-00 00:00:00', '0000-00-00 00:00:00'),
('Kesesuaian antara materi yang diujikan dengan materi yang disampaikan', 'Sangat Sesuai', '4', '0000-00-00 00:00:00', '0000-00-00 00:00:00'),
('Dosen memberikan kesempatan kepada mahasiswa untuk memperbaiki nilai', 'Tidak Pernah', '1', '0000-00-00 00:00:00', '0000-00-00 00:00:00'),
('Dosen memberikan kesempatan kepada mahasiswa untuk memperbaiki nilai', 'Jarang', '2', '0000-00-00 00:00:00', '0000-00-00 00:00:00'),
('Dosen memberikan kesempatan kepada mahasiswa untuk memperbaiki nilai', 'Kadang-kadang', '3', '0000-00-00 00:00:00', '0000-00-00 00:00:00'),
('Dosen memberikan kesempatan kepada mahasiswa untuk memperbaiki nilai', 'Selalu', '4', '0000-00-00 00:00:00', '0000-00-00 00:00:00'),
('Dosen melakukan tatap muka sekurang-kurangnya 80%', 'Kurang Baik', '1', '0000-00-00 00:00:00', '0000-00-00 00:00:00'),
('Dosen melakukan tatap muka sekurang-kurangnya 80%', 'Cukup Baik', '2', '0000-00-00 00:00:00', '0000-00-00 00:00:00'),
('Dosen melakukan tatap muka sekurang-kurangnya 80%', 'Baik ', '3', '0000-00-00 00:00:00', '0000-00-00 00:00:00'),
('Dosen melakukan tatap muka sekurang-kurangnya 80%', 'Baik Sekali', '4', '0000-00-00 00:00:00', '0000-00-00 00:00:00'),
('Dosen hadir tatap muka langsung', '1 - 3 pertemuan', '1', '0000-00-00 00:00:00', '0000-00-00 00:00:00'),
('Dosen hadir tatap muka langsung', '4 - 6 pertemuan', '2', '0000-00-00 00:00:00', '0000-00-00 00:00:00'),
('Dosen hadir tatap muka langsung', '7 - 9 pertemuan', '3', '0000-00-00 00:00:00', '0000-00-00 00:00:00'),
('Dosen hadir tatap muka langsung', '10 - 13 pertemuan', '4', '0000-00-00 00:00:00', '0000-00-00 00:00:00'),
('Dosen hadir tatap muka langsung', '14 - 16 pertemuan', '5', '0000-00-00 00:00:00', '0000-00-00 00:00:00'),
('Dosen hadir dengan pemberian tugas/projek', '1 - 3 pertemuan', '1', '0000-00-00 00:00:00', '0000-00-00 00:00:00'),
('Dosen hadir dengan pemberian tugas/projek', '4 - 6 pertemuan', '2', '0000-00-00 00:00:00', '0000-00-00 00:00:00'),
('Dosen hadir dengan pemberian tugas/projek', '7 - 9 pertemuan', '3', '0000-00-00 00:00:00', '0000-00-00 00:00:00'),
('Dosen hadir dengan pemberian tugas/projek', '10 - 13 pertemuan', '4', '0000-00-00 00:00:00', '0000-00-00 00:00:00'),
('Dosen hadir dengan pemberian tugas/projek', '14 - 16 pertemuan', '5', '0000-00-00 00:00:00', '0000-00-00 00:00:00'),
('Dosen hadir online', '1 - 3 pertemuan', '1', '0000-00-00 00:00:00', '0000-00-00 00:00:00'),
('Dosen hadir online', '4 - 6 pertemuan', '2', '0000-00-00 00:00:00', '0000-00-00 00:00:00'),
('Dosen hadir online', '7 - 9 pertemuan', '3', '0000-00-00 00:00:00', '0000-00-00 00:00:00'),
('Dosen hadir online', '10 - 13 pertemuan', '4', '0000-00-00 00:00:00', '0000-00-00 00:00:00'),
('Dosen hadir online', '14 - 16 pertemuan', '5', '0000-00-00 00:00:00', '0000-00-00 00:00:00'),
('Dosen tidak hadir (tanpa keterangan)', '1 - 3 pertemuan', '1', '0000-00-00 00:00:00', '0000-00-00 00:00:00'),
('Dosen tidak hadir (tanpa keterangan)', '4 - 6 pertemuan', '2', '0000-00-00 00:00:00', '0000-00-00 00:00:00'),
('Dosen tidak hadir (tanpa keterangan)', '7 - 9 pertemuan', '3', '0000-00-00 00:00:00', '0000-00-00 00:00:00'),
('Dosen tidak hadir (tanpa keterangan)', '10 - 13 pertemuan', '4', '0000-00-00 00:00:00', '0000-00-00 00:00:00'),
('Dosen tidak hadir (tanpa keterangan)', '14 - 16 pertemuan', '5', '0000-00-00 00:00:00', '0000-00-00 00:00:00'),
('', '', '', '0000-00-00 00:00:00', '0000-00-00 00:00:00'),
('', '', '', '0000-00-00 00:00:00', '0000-00-00 00:00:00'),
('', '', '', '0000-00-00 00:00:00', '0000-00-00 00:00:00'),
('', '', '', '0000-00-00 00:00:00', '0000-00-00 00:00:00');

-- --------------------------------------------------------

--
-- Table structure for table `tahunajarans`
--

CREATE TABLE `tahunajarans` (
  `id` bigint UNSIGNED NOT NULL,
  `tahun_ajaran` varchar(255) CHARACTER SET utf8mb4 COLLATE utf8mb4_unicode_ci NOT NULL,
  `ganjil_genap` enum('Ganjil','Genap') CHARACTER SET utf8mb4 COLLATE utf8mb4_unicode_ci DEFAULT NULL,
  `is_active` enum('Aktif','Tidak Aktif','Terlaksana') CHARACTER SET utf8mb4 COLLATE utf8mb4_unicode_ci NOT NULL DEFAULT 'Tidak Aktif',
  `created_at` timestamp NULL DEFAULT NULL,
  `updated_at` timestamp NULL DEFAULT NULL
) ENGINE=InnoDB DEFAULT CHARSET=utf8mb4 COLLATE=utf8mb4_unicode_ci;

--
-- Dumping data for table `tahunajarans`
--

INSERT INTO `tahunajarans` (`id`, `tahun_ajaran`, `ganjil_genap`, `is_active`, `created_at`, `updated_at`) VALUES
(6, '2023/2024', 'Ganjil', 'Terlaksana', '2024-05-28 04:28:52', '2024-07-17 21:26:59'),
(8, '2023/2024', 'Genap', 'Aktif', '2024-07-15 17:26:44', '2024-08-06 23:20:57'),
(9, '2022/2023', 'Ganjil', 'Tidak Aktif', '2024-07-17 14:20:40', '2024-07-23 17:43:35'),
(10, '2022/2023', 'Genap', 'Tidak Aktif', '2024-07-17 14:21:08', '2024-07-17 14:30:55');

-- --------------------------------------------------------

--
-- Table structure for table `users`
--

CREATE TABLE `users` (
  `id` bigint UNSIGNED NOT NULL,
  `name` varchar(255) CHARACTER SET utf8mb4 COLLATE utf8mb4_unicode_ci NOT NULL,
  `level` varchar(30) CHARACTER SET utf8mb4 COLLATE utf8mb4_unicode_ci NOT NULL,
  `email` varchar(255) CHARACTER SET utf8mb4 COLLATE utf8mb4_unicode_ci NOT NULL,
  `email_verified_at` timestamp NULL DEFAULT NULL,
  `password` varchar(255) CHARACTER SET utf8mb4 COLLATE utf8mb4_unicode_ci NOT NULL,
  `remember_token` varchar(100) CHARACTER SET utf8mb4 COLLATE utf8mb4_unicode_ci DEFAULT NULL,
  `created_at` timestamp NULL DEFAULT NULL,
  `updated_at` timestamp NULL DEFAULT NULL
) ENGINE=InnoDB DEFAULT CHARSET=utf8mb4 COLLATE=utf8mb4_unicode_ci ROW_FORMAT=DYNAMIC;

--
-- Dumping data for table `users`
--

INSERT INTO `users` (`id`, `name`, `level`, `email`, `email_verified_at`, `password`, `remember_token`, `created_at`, `updated_at`) VALUES
(3, 'ADMIN', 'Admin', 'admin@gmail.com', '0000-00-00 00:00:00', '$2y$10$vT4AWjbFEuB2gPS9wKmnOuT6O41GCXxpUqxsFCrj8kzY2kxZdx9Mq', 'NRjt1ubgnnsNAOMWI9o5I1jh1qpxJEz1OAJ9ZdXU0cqXNcBuJS35fKdAcVT3', NULL, '2023-04-11 08:56:52'),
(14, 'RENI EMELIYA', 'Mahasiswa', 'reniemeliya@gmail.com', NULL, '$2y$10$vT4AWjbFEuB2gPS9wKmnOuT6O41GCXxpUqxsFCrj8kzY2kxZdx9Mq', NULL, '2023-06-18 01:51:58', '2023-06-18 01:51:58'),
(15, 'SA\'ADAH', 'Mahasiswa', 'saadah@gmail.com', NULL, '$2y$10$vT4AWjbFEuB2gPS9wKmnOuT6O41GCXxpUqxsFCrj8kzY2kxZdx9Mq', NULL, '2023-06-18 01:58:36', '2023-06-18 01:58:36'),
(16, 'AHMAD RIFANI', 'Mahasiswa', 'ahmadrifani@gmail.com', NULL, '$2y$10$FGYgQYrD9mItfieURTnlXOblnHNyuMxYMiExuHG.a29dCEPkjlmXq', NULL, '2023-06-18 02:01:26', '2023-06-18 02:01:26'),
(17, 'ANDIKA SYARIF HIDAYATULLAH', 'Mahasiswa', 'andikasyarifhidayatullah@gmail.com', NULL, '$2y$10$6w2xLG1myDXrqIDVf8UqJOd1b3WwX1YB2mBd4fysiXY9ZcVqWaLnm', NULL, '2023-06-18 02:07:24', '2023-06-18 02:07:24'),
(19, 'FADILA AISYAH SHAHNAZ', 'Mahasiswa', 'fadila@gmail.com', NULL, '$2y$10$TITGDKdoxSTt/KRy.m2ZfufNlW0jvY4F2zo.Nb4qD/fzcR8gM5H2a', NULL, '2023-06-18 02:11:29', '2023-06-18 02:11:29'),
(21, 'HIDAYAT NOOR FADILAH', 'Mahasiswa', 'hidayat@gmail.com', NULL, '$2y$10$bfdcV.WZJTA75JbaJ2ovQedwviCYuOxSA3sRvGqJgJP24z.T8DfKy', NULL, '2023-06-18 02:13:48', '2023-06-18 02:13:48'),
(22, 'HUSNUL HATIMAH', 'Mahasiswa', 'husnul@gmail.com', NULL, '$2y$10$eJhPdSKE20FmORegVBlITeAWYVvCJjtZ8KFI5S.952VlxxtQsBQ2.', NULL, '2023-06-18 02:15:00', '2023-06-18 02:15:00'),
(23, 'KHARISMA.I.P.S', 'Mahasiswa', 'kharisma@gmail.com', NULL, '$2y$10$3lslEyKSmwKFPuwQ6TqX0.gAra9D1NV2BAdZs5QiQ0xpmPbK4BZDW', NULL, '2023-06-18 02:16:31', '2023-06-18 02:16:31'),
(27, 'MAHENDRA ADI KUSUMA', 'Mahasiswa', 'mahendra@gmail.com', NULL, '$2y$10$IdLeghVk6mIuiiLa2Pgh.OGfg6nxm3g2muDfRG9UnyZPcXO1QxYqy', NULL, '2023-06-18 02:18:49', '2023-06-18 02:18:49'),
(28, 'MUHAMMAD FAISAL', 'Mahasiswa', 'faisal@gmail.com', NULL, '$2y$10$SfQgNs1cZMbIpLgDbPkf7uWBkRbPl4olo5TPhGO02C9KYbjF9ge.S', NULL, '2023-06-18 02:20:02', '2023-06-18 02:20:02'),
(29, 'MUHAMMAD IHSAN', 'Mahasiswa', 'ihsan@gmail.com', NULL, '$2y$10$QoHWMWQhH.KiY7S/S6fyHOHSKBKz72n2oEPRa8ApruBQsSpxIimAO', NULL, '2023-06-18 02:21:08', '2023-06-18 02:21:08'),
(30, 'MUHAMMAD RAIS HADYAN', 'Mahasiswa', 'rais@gmail.com', NULL, '$2y$10$WwqpSy8nT7diP1vqj9CwMOrKQKVhIBgAI0hEel5k33ev3xeWWVemi', NULL, '2023-06-18 02:22:39', '2023-06-18 02:22:39'),
(31, 'MUHAMMAD REZA PAHLEVI', 'Mahasiswa', 'rezapahlevi@gmail.com', NULL, '$2y$10$wTC1y.vyI7jGbXWfh1lgLet3Kvw7arbM9LjOnB0QmRV4j6vmj9UM.', NULL, '2023-06-18 02:24:39', '2023-06-18 02:24:39'),
(32, 'RAHMA MEINA RIWANDA', 'Mahasiswa', 'meina@gmail.com', NULL, '$2y$10$WPqZjCCItWtCDJUhBKt33uryrK8mKvYwM3zkunJ5Zu0sWa35FuSJG', NULL, '2023-06-18 02:25:41', '2023-06-18 02:25:41'),
(33, 'RAIHAN DIMAS ADITYA', 'Mahasiswa', 'raihan@gmail.com', NULL, '$2y$10$GpR1scxtEOr9pMm3hUlD/.MniH6ICHLbbPq2fxn6ECXcPYFtC6086', NULL, '2023-06-18 02:27:16', '2023-06-18 02:27:16'),
(34, 'SETARA MERDEKAWATI', 'Mahasiswa', 'merdekawati@gmail.com', NULL, '$2y$10$/x4nGOdlJUT3hyRC3TT4Y.j9Wbh2avsJEC.uO2qkzqEbMpzwo07bi', NULL, '2023-06-18 02:28:30', '2023-06-18 02:28:30'),
(35, 'SHOFIA ZULFA', 'Mahasiswa', 'shofia@gmail.com', NULL, '$2y$10$CEECot7EVVnxJ9MqyC9WW.v0G6h1mho3qInCcNkEj7bIxrvBMcrHi', NULL, '2023-06-18 02:29:52', '2023-06-18 02:29:52'),
(36, 'WIDIA SABILA', 'Mahasiswa', 'widia@gmail.com', NULL, '$2y$10$V8SInGltJPFeKQLJ5lqfIeuybHe5qw1S2DkKFI.cx9uYM01FUfQ5K', NULL, '2023-06-18 02:31:16', '2023-06-18 02:31:16'),
(37, 'WINDA ASTRIA NUANSA SAPUTRI', 'Mahasiswa', 'windaastria@gmail.com', NULL, '$2y$10$B0jMgXZIpFexLEAuuHA2deGVzRiZpGt8QJJ3OWxs78ckMwOBNxMHe', NULL, '2023-06-18 02:32:38', '2023-06-18 02:32:38'),
(38, 'YUNNERJA', 'Mahasiswa', 'yunnerja@gmail.com', NULL, '$2y$10$vBGI4/RwPfXIXTzM0YBvLOp7qkqAJa1R0QHNjkD1qjRV3DV5HhJpe', NULL, '2023-06-18 02:33:27', '2023-06-18 02:33:27'),
(39, 'YUSUF ALFARABI NATAWIYANTA', 'Mahasiswa', 'yusufalfarabi@gmail.com', NULL, '$2y$10$i1B5lgLaAa2y09DlDt7xQ.cs/8wEGVNarzbcImEFHKYGATlMTbKpW', NULL, '2023-06-18 02:34:45', '2023-06-18 02:34:45'),
(40, 'FAIZA NUR AINSY', 'Mahasiswa', 'faiza@gmail.com', NULL, '$2y$10$BdZD2X1aJHSJeh7fHZBOsOzJYeW3F1tllXuxN83cO4EukPoMTvLsa', NULL, '2023-06-18 02:35:25', '2023-06-18 02:35:25'),
(43, 'RIZMA NURHALIZA', 'Mahasiswa', 'rizma@gmail.com', NULL, '$2y$10$dzOlJjzWnuu.TYajb54qUeAsa/N7Vdp1W5M2V/YfSOc5ANsnX4mKq', NULL, '2023-06-18 02:37:48', '2023-06-18 02:37:48'),
(44, 'TEGUH TJANDRA', 'Mahasiswa', 'teguh@gmail.com', NULL, '$2y$10$vzG6fFqVKurhau25ho3HTeawwvi3uyEEgxO5q8ARPlFTTgf0UKxHK', NULL, '2023-06-18 02:38:39', '2023-06-18 02:38:39'),
(45, 'FAUZAN AZIMA', 'Mahasiswa', 'fauzan@gmail.com', NULL, '$2y$10$II0fl92exUxEhW6PD1yWa.he5DUvXWCPsxFoO5kY1osDxQtfH6Vri', NULL, '2023-06-18 02:39:32', '2023-06-18 02:39:32'),
(46, 'RADHITYA ABDI NURHAFIZ', 'Mahasiswa', 'radhitya@gmail.com', NULL, '$2y$10$HZtm9iCugq/DY4i/cIzPg.41/eOH2zkONGxJEA912KvXaS1XlGZE.', NULL, '2023-06-18 02:40:24', '2023-06-18 02:40:24'),
(47, 'KISMI ARIYADI', 'Mahasiswa', 'kismi@gmail.com', NULL, '$2y$10$oGD9NCySg7vqPUYj.28UdenyoVAHXcfMeb8nqjX9sKcXI2xR0ExjW', NULL, '2023-06-18 02:41:24', '2023-06-18 02:41:24'),
(48, 'RAISYA ALIFA KHANSA', 'Mahasiswa', 'raisya@gmail.com', NULL, '$2y$10$OrW9H4IbE/l.8D1RE107J.i1SG7UnE/vPNu4P4y/mYC4TQHTFWajm', NULL, '2023-06-18 05:41:12', '2023-06-18 05:41:12'),
(49, 'AHMAD RIZAL REYNALDI', 'Mahasiswa', 'ahmadrizal@gmail.com', NULL, '$2y$10$mXzWEcw1c3x0Q5NbX0BfbuZar3lQRLxF4RVX8OmrewojS9SC.NDfq', NULL, '2023-06-18 05:42:17', '2023-06-18 05:42:17'),
(50, 'MUH. IMAM SYUHADA', 'Mahasiswa', 'imamsyuhada@gmail.com', NULL, '$2y$10$H7WzTjiWzdxuAsbkP3evPuHAOgFK8x0ASF.rn7xXAOzA1h8CcYAgy', NULL, '2023-06-18 05:43:35', '2023-06-18 05:43:35'),
(51, 'BAGUS SETIAWAN', 'Mahasiswa', 'bagus@gmail.com', NULL, '$2y$10$Ln.74ZKW3jKQHT.jWhhhbuFgni3DDiAvtyaJkkcV/.WE.bnkkmosC', NULL, '2023-06-18 05:44:25', '2023-06-18 05:44:25'),
(54, 'HAMMAMI RIFQI DARMAWAN', 'Mahasiswa', 'hammami@gmail.com', NULL, '$2y$10$KLqqZv9Sw7TgAFsEi7eFR.70.EEsSRX0Y35g2PDaGamRR/aYrR1fW', NULL, '2023-06-18 05:48:41', '2023-06-18 05:48:41'),
(55, 'IQBAL IRHAM MUFTEZAR PUTRA', 'Mahasiswa', 'iqbal@gmail.com', NULL, '$2y$10$GySxCW9...Ivxs2FwzcZ5OpieIlJP/Ea8/KwqnCfUKjjPThu8/Lxu', NULL, '2023-06-18 05:49:57', '2023-06-18 05:49:57'),
(56, 'IQBAL IRHAM MUFTEZAR PUTRA', 'Mahasiswa', 'iqbalirham@gmail.com', NULL, '$2y$10$mO22REJClNkxL9.ntbAIJOPgS689eG/S2ymkorRssMJ4bmEPBQxOO', NULL, '2023-06-18 06:05:49', '2023-06-18 06:05:49'),
(57, 'VALENTIN SALMA EDLINA', 'Mahasiswa', 'valentin@gmail.com', NULL, '$2y$10$7WGWyJFTit722MMrwPaoE.1dRa8RuvDMK27ufiPQFQlLsBjrEjYpS', NULL, '2023-06-18 06:10:19', '2023-06-18 06:10:19'),
(58, 'ELISA FITRIANA', 'Mahasiswa', 'elisa@gmail.com', NULL, '$2y$10$WXEQ0NawFCigZ23v.ZSmde.IHXn5L4MRAoaf4L93ApWOR0f.I8jka', NULL, '2023-06-18 06:11:07', '2023-06-18 06:11:07'),
(59, 'ERNI', 'Mahasiswa', 'erni@gmail.com', NULL, '$2y$10$PB41nYZMBX/BmwoFTE/jhecQxbBzBLh/WJPdhFcgHTbf5sGHdiq42', NULL, '2023-06-18 06:12:01', '2023-06-18 06:12:01'),
(60, 'MUHAMMAD UBAIDILLAH', 'Mahasiswa', 'ubaidillah@gmail.com', NULL, '$2y$10$Rf2lEyTFFpphImaLnJ.kre1UsPXZqKUCGemfLiUt7gdHEOFiy9jPO', NULL, '2023-06-18 06:13:54', '2023-06-18 06:13:54'),
(61, 'ADE PUTRI MAHARANI', 'Mahasiswa', 'adeputri@gmail.com', NULL, '$2y$10$gF1f3NcoRZTbfkmQKmmjYeLVG1sfngVAhTI35PFvqtQeyiD3CuYOm', NULL, '2023-06-18 06:14:51', '2023-06-18 06:14:51'),
(62, 'ALFISAH DAMAYANTI', 'Mahasiswa', 'alfisah@gmail.com', NULL, '$2y$10$q4R86NGDZm3/beGn/zkadu4syXXM6CZZ5IL4VL/LuzLIydhhziGEu', NULL, '2023-06-18 06:15:44', '2023-06-18 06:15:44'),
(63, 'ANDI INDRAGUNA DEWA BUANA', 'Mahasiswa', 'andi@gmail.com', NULL, '$2y$10$q7NCg6LVoJZRy5MJjvxV4OfIOin1i0NDcyCqS0kvd8P.4nSRPLwHi', NULL, '2023-06-18 06:16:42', '2023-06-18 06:16:42'),
(64, 'AULIA FITRI', 'Mahasiswa', 'auliafitri@gmail.com', NULL, '$2y$10$BHPrZqNIcYrrCi4KrymQVenGwzEeCUPVccwft3DYMEU2EzZa0t6Bu', NULL, '2023-06-18 06:18:23', '2023-06-18 06:18:23'),
(65, 'BAYU MAULANA PANGESTU', 'Mahasiswa', 'bayu@gmail.com', NULL, '$2y$10$BYu1b/MlaSqpehY3LZT6KOqYeTcotTpiZMC26qeY/zGUuWHhFR3J.', NULL, '2023-06-18 06:19:02', '2023-06-18 06:19:02'),
(66, 'DANANG TIRTA RHAMADAN', 'Mahasiswa', 'danang@gmail.com', NULL, '$2y$10$NCX4itxlz7B0aToZnHWeN.iOwv18zWBT4XdrqfwvCqwKkY9VhjW.6', NULL, '2023-06-18 06:19:35', '2023-06-18 06:19:35'),
(67, 'DICKI PRASTIA PAUZI', 'Mahasiswa', 'dicki@gmail.com', NULL, '$2y$10$1QuMsIz2n084ZDcpHyqJ9ewyrwoMVsJOJ944m9iLl5ilds2udDJaG', NULL, '2023-06-18 06:20:16', '2023-06-18 06:20:16'),
(68, 'ERSAN NAUFAL AL GIFARI', 'Mahasiswa', 'ersan@gmail.com', NULL, '$2y$10$QmjCmAxHYCLxImLFE39utOd2cezypGAKozGqfIOn09ATeQ/urPexK', NULL, '2023-06-18 06:20:52', '2023-06-18 06:20:52'),
(69, 'FIQRI PRAMUDYA ADIYATMA', 'Mahasiswa', 'fiqri@gmail.com', NULL, '$2y$10$rLJAeQKl1Z7ot4BFwym2q.JO3JH8AOnsckMz8qMxH8FU7IDThP11S', NULL, '2023-06-18 06:21:52', '2023-06-18 06:21:52'),
(70, 'IHSANUDIN', 'Mahasiswa', 'ihsanudin@gmail.com', NULL, '$2y$10$MXs.W7lBhFzA6.SHDI6FYesiTSjPub9Ufdbnu.pNmjATxIL4Yb5J6', NULL, '2023-06-18 06:22:42', '2023-06-18 06:22:42'),
(71, 'JAUHAR LATIFAH', 'Mahasiswa', 'jauhar@gmail.com', NULL, '$2y$10$oWeu2NJI0WbavVbnI7cTu.mZI0KWPzwtQwZYrIV2EQ.A/6IrwUTVS', NULL, '2023-06-18 06:23:40', '2023-06-18 06:23:40'),
(72, 'KAYYISU WILLYANI', 'Mahasiswa', 'kayyisu@gmail.com', NULL, '$2y$10$HvZqth64Ja8iKte0MpncQO8R4jvR9RTeQfMaxgtXFpnJALKZUhv9q', NULL, '2023-06-18 06:24:22', '2023-06-18 06:24:22'),
(73, 'MUHAMAD BAGAS BIMANTARA', 'Mahasiswa', 'bagas@gmail.com', NULL, '$2y$10$Zu6C6whydJweAS/6G7k7HO77RBaoo64Upe97uIOHHWHDYTyNmf9ia', NULL, '2023-06-18 06:27:08', '2023-06-18 06:27:08'),
(75, 'MUHAMMAD TAHRIR', 'Mahasiswa', 'tahrir@gmail.com', NULL, '$2y$10$SfQ5/au7iYB8acnSy1OOQ.AJtZxsi33npZ/bkEfo2PoR894wMkF2C', NULL, '2023-06-18 06:29:28', '2023-06-18 06:29:28'),
(76, 'MUHAMMAD TANTOWI JAUHARI', 'Mahasiswa', 'tantowi@gmail.com', NULL, '$2y$10$lqX2k4RLs3F3c2lcKEUBPuZwxIqRjbuX4CFFswCJkT2HOZULKvSzi', NULL, '2023-06-18 06:31:02', '2023-06-18 06:31:02'),
(77, 'MUHAMMAD ZULFAN REVA MAULANA', 'Mahasiswa', 'zulfan@gmail.com', NULL, '$2y$10$NF0UL7BrgfKg/HMOlnC4zut5/nZfISAVoelvzftDQ0pgZkKf3zhPG', NULL, '2023-06-18 06:32:10', '2023-06-18 06:32:10'),
(78, 'NOR LAILA HASANAH', 'Mahasiswa', 'laila@gmail.com', NULL, '$2y$10$a3v6w3iNttyEua7hxl.W8eWT9kJzVYui6SFWrDgCvAvGth6zUx70G', NULL, '2023-06-18 06:33:06', '2023-06-18 06:33:06'),
(79, 'NOVIA RAHMAH', 'Mahasiswa', 'noviarahmah@gmail.com', NULL, '$2y$10$oTz6cOe8RZZJwSgd..5h4OxjIyDhG9jx8pGelGjfgCtHII0zO81fG', NULL, '2023-06-18 06:34:06', '2023-06-18 06:34:06'),
(80, 'NUR AINA SUSANTI', 'Mahasiswa', 'aina@gmail.com', NULL, '$2y$10$hPgEDfmSvV.VfpkGTvYoCOqRW/e7idN6qz0B3Q9PosbFD6VzjLqdW', NULL, '2023-06-18 06:34:37', '2023-06-18 06:34:37'),
(81, 'THARIQ', 'Mahasiswa', 'thariq@gmail.com', NULL, '$2y$10$Q/h.3KquPrTCu/MkoJ1d2eiRISjmBNMHH/Ntx0DUHMAb/6XV7yF5u', NULL, '2023-06-18 06:35:31', '2023-06-18 06:35:31'),
(82, 'YULISA SURYANA', 'Mahasiswa', 'yulisa@gmail.com', NULL, '$2y$10$ReQIOD.LObaGgwfUc257WuFIHcof9byWMRKX6UQNX9EFxhRJU5YxC', NULL, '2023-06-18 06:36:15', '2023-06-18 06:36:15'),
(83, 'AHMAD NAWAWI', 'Mahasiswa', 'ahmadnawawi@gmail.com', NULL, '$2y$10$zzk9ALwt6JO3m8LAs.2jYeQ53AOKJTlZyvLUY6gFGPPGaSi94RBh.', NULL, '2023-06-18 06:37:11', '2023-06-18 06:37:11'),
(84, 'M. SARIF', 'Mahasiswa', 'sarif@gmail.com', NULL, '$2y$10$/fo/QvP1RWLO2u4.g5D2k.4OECeyenvXUg9d3gyNvMwzS57WeWQbC', NULL, '2023-06-18 06:37:43', '2023-06-18 06:37:43'),
(85, 'MUHAMMAD NOVAL', 'Mahasiswa', 'noval@gmail.com', NULL, '$2y$10$h4BCN.0xhARLmRBVlKPKjet9G98xx5Ci2Et1GvDyQBCXx4SGR4mzC', NULL, '2023-06-18 06:38:30', '2023-06-18 06:38:30'),
(86, 'MUHAMMAD NUR HAFILLUDIN', 'Mahasiswa', 'hafilludin@gmail.com', NULL, '$2y$10$t61aEIHfc21ypotbm1yKPOQQZTzv.tNHJxTk3R5QF8/9/DFPL8ttW', NULL, '2023-06-18 06:39:25', '2023-06-18 06:39:25'),
(87, 'MUHAMMAD IRFAN ALI', 'Mahasiswa', 'irfan@gmail.com', NULL, '$2y$10$Z4AkjW3DkPcyE9NMallt5OKUiw7i1KGFP0cM6p67mZc88DGITuCFO', NULL, '2023-06-18 06:40:02', '2023-06-18 06:40:02'),
(88, 'KHANDA AHMAD SUKMAWAN', 'Mahasiswa', 'sukmawan@gmail.com', NULL, '$2y$10$4XXmWYPcUCEG6iv/itqoDOBW6xDxB.okKTJ/KAoVmVc2DSpn3eHru', NULL, '2023-06-18 06:41:10', '2023-06-18 06:41:10'),
(89, 'MUHAMMAD DZIKRI DA\'IMAN', 'Mahasiswa', 'dzikri@gmail.com', NULL, '$2y$10$CFXx.TiLqLRdW9yB6Wn70./cQW0aWWTDxv3t2jNGcdqW943lI6j3e', NULL, '2023-06-18 06:41:53', '2023-06-18 06:41:53'),
(90, 'AHMAD ZAINI', 'Mahasiswa', 'zaini@gmail.com', NULL, '$2y$10$VoTQH1VqvdZlbTRsqN6xVOxPp1g7bMbOH1jBLjJ3nfGCLiuqLgHl.', NULL, '2023-06-18 06:42:31', '2023-06-18 06:42:31'),
(91, 'ATHAYA NORRAHMAH', 'Mahasiswa', 'athaya@gmail.com', NULL, '$2y$10$9p8a2yx/d74CQOFpdBdbS.3b8hK.b6ja4ZhlsRL4akf5543CZgMGy', NULL, '2023-06-18 06:43:20', '2023-06-18 06:43:20'),
(92, 'AZHAR IRFANI', 'Mahasiswa', 'azhar@gmail.com', NULL, '$2y$10$uuzNdwp9TcspNxZDkTOW4ekOAFMznlzg4h/edQXI4sUoF1OjSxokW', NULL, '2023-06-18 06:44:00', '2023-06-18 06:44:00'),
(93, 'M.RAFI\'I', 'Mahasiswa', 'm.rafi\'i@gmail.com', NULL, '$2y$10$qVDxJs2WJogQMTKFENcr.uMH5a0U7AZOamoj0vlTpPL3.7t65qYh.', NULL, '2023-06-18 06:45:05', '2023-06-18 06:45:05'),
(94, 'MUHAMMAD RIZKY ALMI\'RAJI', 'Mahasiswa', 'rizky@gmail.com', NULL, '$2y$10$DCUCt6gIhsZrTf74CYTwb.ZbVxi1x5TfTFcrpT5on0jeu7j4ci6du', NULL, '2023-06-18 06:45:50', '2023-06-18 06:45:50'),
(95, 'REZA FIKRI ADITIYA', 'Mahasiswa', 'rezafikri@gmail.com', NULL, '$2y$10$iEcgcnfwQ1jvAAt3RW50zeJzcxtjIwWz4JRAP2rfC1xeRjGZagqGG', NULL, '2023-06-18 06:46:50', '2023-06-18 06:46:50'),
(96, 'AKHMAD SUHAIMI', 'Mahasiswa', 'suhaimi@gmail.com', NULL, '$2y$10$FEO/Pc7pFGzmIEgi9vdBxesJBzLlap9Ae9//Pnhz7LnVwF7.mquhi', NULL, '2023-06-18 06:47:41', '2023-06-18 06:47:41'),
(97, 'ASHOBIRIN ADNAN', 'Mahasiswa', 'adnan@gmail.com', NULL, '$2y$10$HvHGLSQGoIGkIuwqwxvgeeZZ7iJQnFqERZ7X1liDPDTytcBlckibi', NULL, '2023-06-18 06:48:19', '2023-06-18 06:48:19'),
(98, 'AYUDIA EKA NURANI', 'Mahasiswa', 'ayudia@gmail.com', NULL, '$2y$10$wvO7SRy9mgoTlGuFQu6X9u3Rz9Yz4RIZgxJsE58PdPoOmOyDcwq6u', NULL, '2023-06-18 06:49:00', '2023-06-18 06:49:00'),
(99, 'DENDY DWI PRATAMA', 'Mahasiswa', 'dendy@gmail.com', NULL, '$2y$10$ITrdG3ce05ItLiVl9hBZZeMZxlwgebdjWNpNvf6ACgPDZC1FH9E62', NULL, '2023-06-18 06:49:47', '2023-06-18 06:49:47'),
(100, 'HIDAYATURRAHMAN', 'Mahasiswa', 'hidayaturrahman@gmail.com', NULL, '$2y$10$f7wM45wMSVwKFEcKkxpKHukfQ/jY493VWrlmZKJCv56RHNmjgRUtC', NULL, '2023-06-18 06:50:44', '2023-06-18 06:50:44'),
(101, 'IRFHANDO RAMADHANSYAH PUTRA', 'Mahasiswa', 'irfhando@gmail.com', NULL, '$2y$10$gSMi8VvHWCwmK2VTZnzxA.QaqLZbDrcUe1KrJSwhIBBabc/M4Czpi', NULL, '2023-06-18 06:51:28', '2023-06-18 06:51:28'),
(102, 'IRHAS NOOR', 'Mahasiswa', 'irhas@gmail.com', NULL, '$2y$10$mGAQ/Lj8btBRtvZl8HweeuGCLtIfReOw.7JTqqHoFeyC1RNAGrFKu', NULL, '2023-06-18 06:52:11', '2023-06-18 06:52:11'),
(103, 'M. AGUNG MAULANA BAGASKARA', 'Mahasiswa', 'agung@gmail.com', NULL, '$2y$10$2s9BnlaAbRANdCA6u4PrjORgXdOcBtHoiC43QGEMYdgFy7TV.k3im', NULL, '2023-06-18 06:52:57', '2023-06-18 06:52:57'),
(104, 'MUHAMMAD FADHIL MAULANA', 'Mahasiswa', 'fadhil@gmail.com', NULL, '$2y$10$xr7VWrWmPC.bLNKbdG3vfewFB6HDeej9MGkK/9whBZC3hPKNnCuXC', NULL, '2023-06-18 06:53:44', '2023-06-18 06:53:44'),
(105, 'MUHAMMAD HABIBIE', 'Mahasiswa', 'habibie@gmail.com', NULL, '$2y$10$bES3UciTXmQFdDaOCSYGnOsft7l/r.mJ7hgbuJpjIyvDzFqAhdXpW', NULL, '2023-06-18 06:54:36', '2023-06-18 06:54:36'),
(107, 'MUHAMMAD RIZKY NUGRAHA', 'Mahasiswa', 'rizkynugraha@gmail.com', NULL, '$2y$10$0xxxepHDHatTxDypHQ2RVeuQkaFQwQ1/o1e2oHxWVlfcNfC1VO3xa', NULL, '2023-06-18 06:56:25', '2023-06-18 06:56:25'),
(108, 'MUTIA AMANDA SEPTIANI', 'Mahasiswa', 'mutia@gmail.com', NULL, '$2y$10$NdJLAUg0DMA9WjZmmUZLAuagcUMgigpZ/r3mYBwCR6XfnJcMCbydm', NULL, '2023-06-18 06:57:11', '2023-06-18 06:57:11'),
(109, 'NUR HALIM', 'Mahasiswa', 'halim@gmail.com', NULL, '$2y$10$FSwy2Cw3Kf87rl/9L2kQgeYaaRPu/991qYqCBaLq0CFW.we06ivAS', NULL, '2023-06-18 06:57:57', '2023-06-18 06:57:57'),
(110, 'REZA RAKHMADINNUR', 'Mahasiswa', 'rezarakhmadinnur@gmail.com', NULL, '$2y$10$rFyKrsI3T932NNK4X1ffKe547/tSU30.ONv9qxBP2Vlbur6.PDcMO', NULL, '2023-06-18 06:58:47', '2023-06-18 06:58:47'),
(111, 'RIZKY GUNAWAN', 'Mahasiswa', 'rizkygunawan@gmail.com', NULL, '$2y$10$MqpCL2Rw8ow0O.10eDIWDeufPu.roLL3BBmB7ftJM50MTiLPW02pK', NULL, '2023-06-18 06:59:39', '2023-06-18 06:59:39'),
(112, 'RIZKY MAULANA', 'Mahasiswa', 'rizkymaulana@gmail.com', NULL, '$2y$10$Qkc2gQVOX4hQpCn7TK2UNe7CmNEkUkcH77D9XyXPdyAAforyqFlzy', NULL, '2023-06-18 07:00:33', '2023-06-18 07:00:33'),
(113, 'TRI REZEKI NOOR SEPTIANIGSIH', 'Mahasiswa', 'trirezeki@gmail.com', NULL, '$2y$10$tUMk8gTtOrPAjodrksPytezm9D/AtVy.xngI/FQYOELvNnnS63uIS', NULL, '2023-06-18 07:01:40', '2023-06-18 07:01:40'),
(114, 'TUBAGUS ARYA JAYAHADIKUSUMA', 'Mahasiswa', 'tubagus@gmail.com', NULL, '$2y$10$nCt9yeQKm4Ii/qSg92LNie/kWJ2KRASOSu4K5asisErFFHSihuUuq', NULL, '2023-06-18 07:02:32', '2023-06-18 07:02:32'),
(115, 'AHADIYAT RAKHMAN', 'Mahasiswa', 'ahadiyat@gmail.com', NULL, '$2y$10$ZCOAtEsZMTMB8Dzqst4ej.ZvvoZO4slDEh/UFhwhVp5qgtV13dy2a', NULL, '2023-06-18 07:03:29', '2023-06-18 07:03:29'),
(116, 'MUHAMMAD RIDHO HIJRIAWAN', 'Mahasiswa', 'ridhohijriawan@gmail.com', NULL, '$2y$10$wSpItfwsdrXCwtDImwvY4ubnwhdGd7/97D.Tp7MIwR.NcepA.nCA.', NULL, '2023-06-18 07:04:29', '2023-06-18 07:04:29'),
(117, 'SITI NADYA MAYLA', 'Mahasiswa', 'nadya@gmail.com', NULL, '$2y$10$ZhfzxWqKqZDyYQMhkrUj4.zggTOir6X6tSBNe5IqZpq1dzCIYzPYS', NULL, '2023-06-18 07:05:18', '2023-06-18 07:05:18'),
(118, 'AULYA MIFTAHUL FADHILAH', 'Mahasiswa', 'aulya@gmail.com', NULL, '$2y$10$or0PCs7a0O8GGIdZgTN1aOxmJ2CWVFxWZlEnx5r7nnt5Y4KDR5uDa', NULL, '2023-06-18 07:05:56', '2023-06-18 07:05:56'),
(119, 'SHEPIA DWI ANGGRAENI', 'Mahasiswa', 'shepia@gmail.com', NULL, '$2y$10$9rqrHKfq2aZjrA9TFEH0.eAS.KiYniY0aeAQ8dpiZZQf2OYIavqPC', NULL, '2023-06-18 07:06:41', '2023-06-18 07:06:41'),
(122, 'AHMAD FAISAL HAMIDI', 'Mahasiswa', 'faisalhamidi@gmail.com', NULL, '$2y$10$qGG/2sMZkeqo1khWvNtnnuL2spf8h3cCISnv7IImkI.wPpHYL2Eeu', NULL, '2023-06-18 07:08:37', '2023-06-18 07:08:37'),
(123, 'AHMAD RIZWAN ANSHARI', 'Mahasiswa', 'rizwan@gmail.com', NULL, '$2y$10$p2X3XgDBk6ZBHmB53UCISeZhQ3avNqBclSMMI16BZfiHs09XEiuaS', NULL, '2023-06-18 07:09:10', '2023-06-18 07:09:10'),
(124, 'MUHAMMAD AQIIBA ZAIIM', 'Mahasiswa', 'aqiiba@gmail.com', NULL, '$2y$10$VIG4u8Ksfz9wgOB1HQc9IumhQEfK6Pw.TBO0nGsIUeeX0usO8DqbS', NULL, '2023-06-18 07:10:08', '2023-06-18 07:10:08'),
(125, 'MUHAMMAD NAUFAL', 'Mahasiswa', 'naufal@gmail.com', NULL, '$2y$10$qirM1zPcRUoFYgHaZgvmw.OxZy5OYOuKKjXUILgl.Hub1gcvj.qnO', NULL, '2023-06-18 07:11:25', '2023-06-18 07:11:25'),
(126, 'SITI AISYAH', 'Mahasiswa', 'aisyah@gmail.com', NULL, '$2y$10$/tPH.TZ7nW8ZSgQbyjJHeujuVHfG.tbKrgK0ylEECX4kyPAj7XKwK', NULL, '2023-06-18 07:12:26', '2023-06-18 07:12:26'),
(127, 'AHMAD BAIHAKI', 'Mahasiswa', 'baihaki@gmail.com', NULL, '$2y$10$on2QEFqcWv2Stv2kLltEBeQWE9cNHSok7FWTLv1r10vHc5Um1ateW', NULL, '2023-06-18 07:13:08', '2023-06-18 07:13:08'),
(128, 'MOHAMAD REZA', 'Mahasiswa', 'mohamadreza@gmail.com', NULL, '$2y$10$tgApYO5iSz79FGLEcupZTuYrtXgHXurYOfi701tlgch0mxZAiFCGi', NULL, '2023-06-18 07:14:00', '2023-06-18 07:14:00'),
(129, 'AHMAD AQLI', 'Mahasiswa', 'aqli@gmail.com', NULL, '$2y$10$CSIjUjmUSfssZTuUVA8p6uPmcYYlCQ3qyFTO5CoSva4YY9jtKknW2', NULL, '2023-06-18 07:14:45', '2023-06-18 07:14:45'),
(130, 'AHMAD RIFANI', 'Mahasiswa', 'rifani@gmail.com', NULL, '$2y$10$gMWCIPvPrO2NbIZb473dVuw.n8YjYYn5dtS6PY1pmcM//AIfrVOWK', NULL, '2023-06-18 07:15:29', '2023-06-18 07:15:29'),
(131, 'ALDIANNOOR', 'Mahasiswa', 'aldiannoor@gmail.com', NULL, '$2y$10$3tC1nipzUbHL9e3kJi2iV.k1CFVCVB2TjuxbYlnhKGiLdlqkmIpIe', NULL, '2023-06-18 07:16:06', '2023-06-18 07:16:06'),
(132, 'ANISHA PRATIWI', 'Mahasiswa', 'anisha@gmail.com', NULL, '$2y$10$aY1hquRz1WLkP0V/5y4R5uVOTGwqmS7h.mmcyJQbaER5C16jPME36', NULL, '2023-06-18 07:16:48', '2023-06-18 07:16:48'),
(133, 'DIAH NAWANG ULAN', 'Mahasiswa', 'diah@gmail.com', NULL, '$2y$10$DK6weO1g4egGfZLQiT5kGuYOZFqicGKyAEh13pblYkQ0rlcP7y6uK', NULL, '2023-06-18 07:17:34', '2023-06-18 07:17:34'),
(134, 'FEBIANTI', 'Mahasiswa', 'febianti@gmail.com', NULL, '$2y$10$sigxae0Lcc.te.GNnARkl.3Wm97XRSwPLt8XxVEmtrpE4a0u0s5Au', NULL, '2023-06-18 07:18:37', '2023-06-18 07:18:37'),
(135, 'GILANG IRCHAS A', 'Mahasiswa', 'gilang@gmail.com', NULL, '$2y$10$drmVvrhm8G3wD12C1v06WuLR9D02woYBJ/HLaXjhzYLdG8WW8keGu', NULL, '2023-06-18 07:19:21', '2023-06-18 07:19:21'),
(136, 'GT. NITA FAUZIAH', 'Mahasiswa', 'nita@gmail.com', NULL, '$2y$10$Y/QewXaIrS2p2MvRY4tlWOPT921M5WoOPDYHm0K8uCBU5MjzYenjm', NULL, '2023-06-18 07:20:02', '2023-06-18 07:20:02'),
(137, 'HAMDANI', 'Mahasiswa', 'hamdani@gmail.com', NULL, '$2y$10$YZiaOlUJ.r9DUDFJtaAGeOKh9QwhCQb3G2oaHx6oiDaysuDAg34ha', NULL, '2023-06-18 07:20:45', '2023-06-18 07:20:45'),
(138, 'HIZKIA GABETTO PANJAITAN', 'Mahasiswa', 'hizkia@gmail.com', NULL, '$2y$10$KiHOof0FhwT/1y8H.kTJjOoPihHta06EYhiAAtSBENbrheZBIucaO', NULL, '2023-06-18 07:21:22', '2023-06-18 07:21:22'),
(139, 'IRVAN NOVIANSYAH', 'Mahasiswa', 'irvan@gmail.com', NULL, '$2y$10$yp9LWUj6iPNM31BCdttlN.T7CL5BBzEe1xlOR5quDYnAH77.zNtCa', NULL, '2023-06-18 07:22:05', '2023-06-18 07:22:05'),
(142, 'MUHAMMAD RIFQI WARDANA', 'Mahasiswa', 'rifqi@gmail.com', NULL, '$2y$10$XWdtePMtKKVWiluI4kAQNeweR0GgrBZ.JsQhC30fmQiksQGSbxHrq', NULL, '2023-06-18 07:24:42', '2023-06-18 07:24:42'),
(143, 'NADIEFA NAHDA S', 'Mahasiswa', 'nadiefa@gmail.com', NULL, '$2y$10$3PPQv/efUhUuZSJhwQTBXeBbcuM0Q/PmZUMmFp5FIV6WtbKt/bQQy', NULL, '2023-06-18 07:25:18', '2023-06-18 07:25:18'),
(144, 'NOR RAHMAH', 'Mahasiswa', 'rahmah@gmail.com', NULL, '$2y$10$6G7xU81vr8Re6bNZX0lgTuCUO6uLQvNH1uL1/0ku.ggSVfWF0SYGq', NULL, '2023-06-18 07:25:51', '2023-06-18 07:25:51'),
(145, 'NOVIA', 'Mahasiswa', 'novia@gmail.com', NULL, '$2y$10$HmD40Jxses1B2FODFINMduPuUoYUjbAiW4L2WZihBBCKy3jRKna1a', NULL, '2023-06-18 07:26:40', '2023-06-18 07:26:40'),
(146, 'PITRIA ULFAH', 'Mahasiswa', 'pitria@gmail.com', NULL, '$2y$10$15kH.KlEN6DXBqgBTCLse.8Kg1B9sFCF1z9ZwnGV9xvQl1Db3dtCC', NULL, '2023-06-18 07:27:16', '2023-06-18 07:27:16'),
(147, 'RIDHONI ROBBY PRATAMA', 'Mahasiswa', 'ridhoni@gmail.com', NULL, '$2y$10$qJuNBsgVNTig5D425cR1zus8t89VoDjsDoBvN7S8/7ehwbGSqRzGq', NULL, '2023-06-18 07:28:13', '2023-06-18 07:28:13'),
(148, 'SITI FATIMAH', 'Mahasiswa', 'fatimah@gmail.com', NULL, '$2y$10$pJNHY67D3t5EUiTdgIfjUOLpJbhftWVOKSbi/Lp.q2dpeep.bB8iK', NULL, '2023-06-18 07:28:57', '2023-06-18 07:28:57'),
(149, 'SYAHNAS ENJANG', 'Mahasiswa', 'syahnas@gmail.com', NULL, '$2y$10$Tl/GNQD40AYR7u.mIHXtOeZ8y/AcIFbVxZYyCcVG.XRRHwXWlEhRC', NULL, '2023-06-18 07:29:48', '2023-06-18 07:29:48'),
(150, 'ACHMAD RAMADHANI', 'Mahasiswa', 'ramadhani@gmail.com', NULL, '$2y$10$0BRWV1PCO5HtF9zVRYU3x.bufWJUspO6YL.tPQespeniVHcBH6V0y', NULL, '2023-06-18 07:30:31', '2023-06-18 07:30:31'),
(156, 'UPM', 'Upm', 'upm@gmail.com', NULL, '$2y$10$6so3OKkva4/9HO4dE8Dx4OVUmkBFbkDlZ8Kwa664PWCttT2jjNJCm', NULL, '2023-11-10 19:28:46', '2023-11-10 19:28:46'),
(158, 'Kaprodi', 'Kaprodi', 'kaprodi@gmail.com', '2024-08-04 10:29:05', '$2y$12$7RB0Fiqg5Htq3ILd7Bp9L.umJ.D4rtniMvh7EA7GDqQKsPC2GC2bC', NULL, '2024-08-04 10:29:05', '2023-04-11 08:56:52');

--
-- Indexes for dumped tables
--

--
-- Indexes for table `dosen`
--
ALTER TABLE `dosen`
  ADD PRIMARY KEY (`nidn`);

--
-- Indexes for table `evaluasimhs`
--
ALTER TABLE `evaluasimhs`
  ADD PRIMARY KEY (`id_evaluasimhs`) USING BTREE,
  ADD KEY `id_kriteria` (`id_kriteria`),
  ADD KEY `id_penilaian` (`id_penilaian`);

--
-- Indexes for table `evaluasiupm`
--
ALTER TABLE `evaluasiupm`
  ADD PRIMARY KEY (`id`) USING BTREE,
  ADD KEY `perkuliahan_id` (`perkuliahan_id`);

--
-- Indexes for table `evaluasiupm_detail`
--
ALTER TABLE `evaluasiupm_detail`
  ADD PRIMARY KEY (`id`),
  ADD KEY `evaluasi_id` (`evaluasi_id`),
  ADD KEY `kriteria_id` (`kriteria_id`);

--
-- Indexes for table `kriteria`
--
ALTER TABLE `kriteria`
  ADD PRIMARY KEY (`id`) USING BTREE;

--
-- Indexes for table `krs`
--
ALTER TABLE `krs`
  ADD PRIMARY KEY (`id`),
  ADD KEY `tahun_ajaran_id` (`tahun_ajaran_id`),
  ADD KEY `validated_by` (`validated_by`),
  ADD KEY `nim` (`nim`);

--
-- Indexes for table `krs_details`
--
ALTER TABLE `krs_details`
  ADD PRIMARY KEY (`id`),
  ADD KEY `krs_id` (`krs_id`),
  ADD KEY `perkuliahan_id` (`perkuliahan_id`);

--
-- Indexes for table `mahasiswa`
--
ALTER TABLE `mahasiswa`
  ADD PRIMARY KEY (`nim`);

--
-- Indexes for table `matakuliah`
--
ALTER TABLE `matakuliah`
  ADD PRIMARY KEY (`kode`);

--
-- Indexes for table `monitoring_kehadiran`
--
ALTER TABLE `monitoring_kehadiran`
  ADD PRIMARY KEY (`id`),
  ADD KEY `perkuliahan_id` (`perkuliahan_id`);

--
-- Indexes for table `penilaian`
--
ALTER TABLE `penilaian`
  ADD PRIMARY KEY (`id`) USING BTREE,
  ADD KEY `perkuliahan_id` (`perkuliahan_id`),
  ADD KEY `tahun_ajaran_id` (`tahun_ajaran_id`),
  ADD KEY `nidn` (`nidn`),
  ADD KEY `nim` (`nim`);

--
-- Indexes for table `perkuliahan`
--
ALTER TABLE `perkuliahan`
  ADD PRIMARY KEY (`id`),
  ADD KEY `tahun_ajaran_id` (`tahun_ajaran_id`),
  ADD KEY `nidn` (`nidn`),
  ADD KEY `kode` (`kode`);

--
-- Indexes for table `rank`
--
ALTER TABLE `rank`
  ADD PRIMARY KEY (`id`) USING BTREE;

--
-- Indexes for table `tahunajarans`
--
ALTER TABLE `tahunajarans`
  ADD PRIMARY KEY (`id`);

--
-- Indexes for table `users`
--
ALTER TABLE `users`
  ADD PRIMARY KEY (`id`) USING BTREE,
  ADD UNIQUE KEY `users_email_unique` (`email`) USING BTREE;

--
-- AUTO_INCREMENT for dumped tables
--

--
-- AUTO_INCREMENT for table `evaluasimhs`
--
ALTER TABLE `evaluasimhs`
  MODIFY `id_evaluasimhs` int NOT NULL AUTO_INCREMENT, AUTO_INCREMENT=2021;

--
-- AUTO_INCREMENT for table `evaluasiupm`
--
ALTER TABLE `evaluasiupm`
  MODIFY `id` int NOT NULL AUTO_INCREMENT, AUTO_INCREMENT=22;

--
-- AUTO_INCREMENT for table `evaluasiupm_detail`
--
ALTER TABLE `evaluasiupm_detail`
  MODIFY `id` int NOT NULL AUTO_INCREMENT, AUTO_INCREMENT=21;

--
-- AUTO_INCREMENT for table `kriteria`
--
ALTER TABLE `kriteria`
  MODIFY `id` int NOT NULL AUTO_INCREMENT, AUTO_INCREMENT=78;

--
-- AUTO_INCREMENT for table `krs`
--
ALTER TABLE `krs`
  MODIFY `id` bigint UNSIGNED NOT NULL AUTO_INCREMENT, AUTO_INCREMENT=33;

--
-- AUTO_INCREMENT for table `krs_details`
--
ALTER TABLE `krs_details`
  MODIFY `id` bigint UNSIGNED NOT NULL AUTO_INCREMENT, AUTO_INCREMENT=129;

--
-- AUTO_INCREMENT for table `monitoring_kehadiran`
--
ALTER TABLE `monitoring_kehadiran`
  MODIFY `id` bigint UNSIGNED NOT NULL AUTO_INCREMENT, AUTO_INCREMENT=7;

--
-- AUTO_INCREMENT for table `penilaian`
--
ALTER TABLE `penilaian`
  MODIFY `id` int NOT NULL AUTO_INCREMENT, AUTO_INCREMENT=94;

--
-- AUTO_INCREMENT for table `perkuliahan`
--
ALTER TABLE `perkuliahan`
  MODIFY `id` bigint UNSIGNED NOT NULL AUTO_INCREMENT, AUTO_INCREMENT=80;

--
-- AUTO_INCREMENT for table `rank`
--
ALTER TABLE `rank`
  MODIFY `id` bigint NOT NULL AUTO_INCREMENT, AUTO_INCREMENT=443;

--
-- AUTO_INCREMENT for table `tahunajarans`
--
ALTER TABLE `tahunajarans`
  MODIFY `id` bigint UNSIGNED NOT NULL AUTO_INCREMENT, AUTO_INCREMENT=11;

--
-- AUTO_INCREMENT for table `users`
--
ALTER TABLE `users`
  MODIFY `id` bigint UNSIGNED NOT NULL AUTO_INCREMENT, AUTO_INCREMENT=159;

--
-- Constraints for dumped tables
--

--
-- Constraints for table `evaluasimhs`
--
ALTER TABLE `evaluasimhs`
  ADD CONSTRAINT `evaluasimhs_ibfk_1` FOREIGN KEY (`id_kriteria`) REFERENCES `kriteria` (`id`) ON DELETE RESTRICT ON UPDATE RESTRICT,
  ADD CONSTRAINT `evaluasimhs_ibfk_2` FOREIGN KEY (`id_penilaian`) REFERENCES `penilaian` (`id`) ON DELETE RESTRICT ON UPDATE RESTRICT;

--
-- Constraints for table `evaluasiupm`
--
ALTER TABLE `evaluasiupm`
  ADD CONSTRAINT `evaluasiupm_ibfk_1` FOREIGN KEY (`perkuliahan_id`) REFERENCES `perkuliahan` (`id`) ON DELETE RESTRICT ON UPDATE RESTRICT;

--
-- Constraints for table `evaluasiupm_detail`
--
ALTER TABLE `evaluasiupm_detail`
  ADD CONSTRAINT `evaluasiupm_detail_ibfk_1` FOREIGN KEY (`evaluasi_id`) REFERENCES `evaluasiupm` (`id`),
  ADD CONSTRAINT `evaluasiupm_detail_ibfk_2` FOREIGN KEY (`kriteria_id`) REFERENCES `kriteria` (`id`);

--
-- Constraints for table `krs`
--
ALTER TABLE `krs`
  ADD CONSTRAINT `krs_ibfk_2` FOREIGN KEY (`tahun_ajaran_id`) REFERENCES `tahunajarans` (`id`) ON DELETE CASCADE,
  ADD CONSTRAINT `krs_ibfk_3` FOREIGN KEY (`validated_by`) REFERENCES `users` (`id`) ON DELETE SET NULL,
  ADD CONSTRAINT `krs_ibfk_4` FOREIGN KEY (`nim`) REFERENCES `mahasiswa` (`nim`) ON DELETE RESTRICT ON UPDATE RESTRICT;

--
-- Constraints for table `krs_details`
--
ALTER TABLE `krs_details`
  ADD CONSTRAINT `krs_details_ibfk_1` FOREIGN KEY (`krs_id`) REFERENCES `krs` (`id`) ON DELETE CASCADE,
  ADD CONSTRAINT `krs_details_ibfk_2` FOREIGN KEY (`perkuliahan_id`) REFERENCES `perkuliahan` (`id`) ON DELETE CASCADE;

--
-- Constraints for table `monitoring_kehadiran`
--
ALTER TABLE `monitoring_kehadiran`
  ADD CONSTRAINT `monitoring_kehadiran_ibfk_1` FOREIGN KEY (`perkuliahan_id`) REFERENCES `perkuliahan` (`id`) ON DELETE CASCADE;

--
-- Constraints for table `penilaian`
--
ALTER TABLE `penilaian`
  ADD CONSTRAINT `penilaian_ibfk_1` FOREIGN KEY (`perkuliahan_id`) REFERENCES `perkuliahan` (`id`) ON DELETE RESTRICT ON UPDATE RESTRICT,
  ADD CONSTRAINT `penilaian_ibfk_2` FOREIGN KEY (`tahun_ajaran_id`) REFERENCES `tahunajarans` (`id`) ON DELETE RESTRICT ON UPDATE RESTRICT,
  ADD CONSTRAINT `penilaian_ibfk_3` FOREIGN KEY (`nidn`) REFERENCES `dosen` (`nidn`) ON DELETE RESTRICT ON UPDATE RESTRICT,
  ADD CONSTRAINT `penilaian_ibfk_4` FOREIGN KEY (`nim`) REFERENCES `mahasiswa` (`nim`) ON DELETE RESTRICT ON UPDATE RESTRICT;

--
-- Constraints for table `perkuliahan`
--
ALTER TABLE `perkuliahan`
  ADD CONSTRAINT `perkuliahan_ibfk_1` FOREIGN KEY (`tahun_ajaran_id`) REFERENCES `tahunajarans` (`id`) ON DELETE RESTRICT ON UPDATE RESTRICT,
  ADD CONSTRAINT `perkuliahan_ibfk_2` FOREIGN KEY (`nidn`) REFERENCES `dosen` (`nidn`) ON DELETE RESTRICT ON UPDATE RESTRICT,
  ADD CONSTRAINT `perkuliahan_ibfk_3` FOREIGN KEY (`kode`) REFERENCES `matakuliah` (`kode`) ON DELETE RESTRICT ON UPDATE RESTRICT;
COMMIT;

/*!40101 SET CHARACTER_SET_CLIENT=@OLD_CHARACTER_SET_CLIENT */;
/*!40101 SET CHARACTER_SET_RESULTS=@OLD_CHARACTER_SET_RESULTS */;
/*!40101 SET COLLATION_CONNECTION=@OLD_COLLATION_CONNECTION */;
